[03abr.2025 12:07:18.360] [main/INFO] [cpw.mods.modlauncher.Launcher/MODLAUNCHER]: ModLauncher running: args [--launchTarget, forgeclientuserdev, --version, 21.1.143, --assetIndex, asset-index, --assetsDir, C:\Users\klz02\.gradle\caches\minecraft\assets, --gameDir, ., --fml.neoForgeVersion, 21.1.143, --fml.fmlVersion, 4.0.38, --fml.mcVersion, 1.21.1, --fml.neoFormVersion, 20240808.144430]
[03abr.2025 12:07:18.364] [main/INFO] [cpw.mods.modlauncher.Launcher/MODLAUNCHER]: JVM identified as Eclipse Adoptium OpenJDK 64-Bit Server VM 21.0.6+7-LTS
[03abr.2025 12:07:18.365] [main/INFO] [cpw.mods.modlauncher.Launcher/MODLAUNCHER]: ModLauncher 11.0.4+main.d2e20e43 starting: java version 21.0.6 by Eclipse Adoptium; OS Windows 11 arch amd64 version 10.0
[03abr.2025 12:07:18.389] [main/DEBUG] [cpw.mods.modlauncher.LaunchServiceHandler/MODLAUNCHER]: Found launch services [minecraft,forgeclient,forgedatauserdev,testharness,forgeserverdev,forgeserveruserdev,forgejunitdev,forgeclientdev,forgeclientuserdev,forgeserver,forgejunituserdev,forgedatadev]
[03abr.2025 12:07:18.409] [main/DEBUG] [cpw.mods.modlauncher.LaunchPluginHandler/MODLAUNCHER]: Found launch plugins: [mixin,slf4jfixer,runtime_enum_extender,accesstransformer,runtimedistcleaner]
[03abr.2025 12:07:18.418] [main/DEBUG] [cpw.mods.modlauncher.TransformationServicesHandler/MODLAUNCHER]: Discovering transformation services
[03abr.2025 12:07:18.423] [main/DEBUG] [net.neoforged.fml.loading.FMLPaths/CORE]: Path GAMEDIR is C:\Users\klz02\Desktop\modded_gateways\runs\client
[03abr.2025 12:07:18.424] [main/DEBUG] [net.neoforged.fml.loading.FMLPaths/CORE]: Path MODSDIR is C:\Users\klz02\Desktop\modded_gateways\runs\client\mods
[03abr.2025 12:07:18.424] [main/DEBUG] [net.neoforged.fml.loading.FMLPaths/CORE]: Path CONFIGDIR is C:\Users\klz02\Desktop\modded_gateways\runs\client\config
[03abr.2025 12:07:18.425] [main/DEBUG] [net.neoforged.fml.loading.FMLPaths/CORE]: Path FMLCONFIG is C:\Users\klz02\Desktop\modded_gateways\runs\client\config\fml.toml
[03abr.2025 12:07:18.449] [main/TRACE] [net.neoforged.fml.loading.FMLConfig/CORE]: Loaded FML config from C:\Users\klz02\Desktop\modded_gateways\runs\client\config\fml.toml
[03abr.2025 12:07:18.449] [main/TRACE] [net.neoforged.fml.loading.FMLConfig/CORE]: FMLConfig disableConfigWatcher is false
[03abr.2025 12:07:18.450] [main/TRACE] [net.neoforged.fml.loading.FMLConfig/CORE]: FMLConfig earlyWindowControl is true
[03abr.2025 12:07:18.450] [main/TRACE] [net.neoforged.fml.loading.FMLConfig/CORE]: FMLConfig maxThreads is 12
[03abr.2025 12:07:18.450] [main/TRACE] [net.neoforged.fml.loading.FMLConfig/CORE]: FMLConfig versionCheck is true
[03abr.2025 12:07:18.450] [main/TRACE] [net.neoforged.fml.loading.FMLConfig/CORE]: FMLConfig defaultConfigPath is defaultconfigs
[03abr.2025 12:07:18.450] [main/TRACE] [net.neoforged.fml.loading.FMLConfig/CORE]: FMLConfig disableOptimizedDFU is true
[03abr.2025 12:07:18.450] [main/TRACE] [net.neoforged.fml.loading.FMLConfig/CORE]: FMLConfig earlyWindowProvider is fmlearlywindow
[03abr.2025 12:07:18.450] [main/TRACE] [net.neoforged.fml.loading.FMLConfig/CORE]: FMLConfig earlyWindowWidth is 854
[03abr.2025 12:07:18.450] [main/TRACE] [net.neoforged.fml.loading.FMLConfig/CORE]: FMLConfig earlyWindowHeight is 480
[03abr.2025 12:07:18.450] [main/TRACE] [net.neoforged.fml.loading.FMLConfig/CORE]: FMLConfig earlyWindowFBScale is 1
[03abr.2025 12:07:18.450] [main/TRACE] [net.neoforged.fml.loading.FMLConfig/CORE]: FMLConfig earlyWindowMaximized is false
[03abr.2025 12:07:18.450] [main/TRACE] [net.neoforged.fml.loading.FMLConfig/CORE]: FMLConfig earlyWindowSkipGLVersions is []
[03abr.2025 12:07:18.450] [main/TRACE] [net.neoforged.fml.loading.FMLConfig/CORE]: FMLConfig earlyWindowSquir is false
[03abr.2025 12:07:18.459] [main/DEBUG] [net.neoforged.fml.loading.targets.CommonLaunchHandler/CORE]: Got mod coordinates modded_gateways%%C:\Users\klz02\Desktop\modded_gateways\build\resources\main;modded_gateways%%C:\Users\klz02\Desktop\modded_gateways\build\classes\java\main from env
[03abr.2025 12:07:18.461] [main/DEBUG] [net.neoforged.fml.loading.targets.CommonLaunchHandler/CORE]: Found supplied mod coordinates [{modded_gateways=[C:\Users\klz02\Desktop\modded_gateways\build\resources\main, C:\Users\klz02\Desktop\modded_gateways\build\classes\java\main]}]
[03abr.2025 12:07:18.463] [main/DEBUG] [cpw.mods.modlauncher.TransformationServicesHandler/MODLAUNCHER]: Found additional transformation services from discovery services: 
[03abr.2025 12:07:18.469] [main/INFO] [net.neoforged.fml.loading.ImmediateWindowHandler/]: Loading ImmediateWindowProvider fmlearlywindow
[03abr.2025 12:07:18.706] [main/INFO] [EARLYDISPLAY/]: Trying GL version 4.6
[03abr.2025 12:07:18.966] [main/INFO] [EARLYDISPLAY/]: Requested GL version 4.6 got version 4.6
[03abr.2025 12:07:19.129] [main/DEBUG] [cpw.mods.modlauncher.TransformationServicesHandler/MODLAUNCHER]: Found transformer services : [mixin,fml]
[03abr.2025 12:07:19.130] [main/DEBUG] [cpw.mods.modlauncher.TransformationServicesHandler/MODLAUNCHER]: Transformation services loading
[03abr.2025 12:07:19.130] [main/DEBUG] [cpw.mods.modlauncher.TransformationServiceDecorator/MODLAUNCHER]: Loading service mixin
[03abr.2025 12:07:19.130] [main/DEBUG] [cpw.mods.modlauncher.TransformationServiceDecorator/MODLAUNCHER]: Loaded service mixin
[03abr.2025 12:07:19.131] [main/DEBUG] [cpw.mods.modlauncher.TransformationServiceDecorator/MODLAUNCHER]: Loading service fml
[03abr.2025 12:07:19.131] [main/DEBUG] [net.neoforged.fml.loading.FMLLoader/CORE]: FML 4.0.38 loading
[03abr.2025 12:07:19.131] [main/DEBUG] [net.neoforged.fml.loading.FMLLoader/CORE]: FML found ModLauncher version : 11.0.4+main.d2e20e43
[03abr.2025 12:07:19.132] [main/DEBUG] [net.neoforged.fml.loading.FMLLoader/CORE]: FML found AccessTransformer version : 10.0.1+139da711
[03abr.2025 12:07:19.132] [main/DEBUG] [net.neoforged.fml.loading.FMLLoader/CORE]: FML found EventBus version : null
[03abr.2025 12:07:19.132] [main/DEBUG] [net.neoforged.fml.loading.FMLLoader/CORE]: Found Runtime Dist Cleaner
[03abr.2025 12:07:19.132] [main/DEBUG] [cpw.mods.modlauncher.TransformationServiceDecorator/MODLAUNCHER]: Loaded service fml
[03abr.2025 12:07:19.133] [main/DEBUG] [cpw.mods.modlauncher.TransformationServicesHandler/MODLAUNCHER]: Configuring option handling for services
[03abr.2025 12:07:19.151] [main/DEBUG] [net.neoforged.fml.loading.FMLServiceProvider/CORE]: Received command line version data  : VersionInfo[neoForgeVersion=21.1.143, fmlVersion=4.0.38, mcVersion=1.21.1, neoFormVersion=20240808.144430]
[03abr.2025 12:07:19.151] [main/DEBUG] [cpw.mods.modlauncher.TransformationServicesHandler/MODLAUNCHER]: Transformation services initializing
[03abr.2025 12:07:19.152] [main/DEBUG] [cpw.mods.modlauncher.TransformationServiceDecorator/MODLAUNCHER]: Initializing transformation service mixin
[03abr.2025 12:07:19.164] [main/DEBUG] [mixin/]: MixinService [ModLauncher] was successfully booted in cpw.mods.cl.ModuleClassLoader@75881071
[03abr.2025 12:07:19.173] [main/INFO] [mixin/]: SpongePowered MIXIN Subsystem Version=0.8.7 Source=union:/C:/Users/klz02/.gradle/caches/modules-2/files-2.1/net.fabricmc/sponge-mixin/0.15.2+mixin.0.8.7/2af2f021d8e02a0220dc27a7a72b4666d66d44ca/sponge-mixin-0.15.2+mixin.0.8.7.jar%23135!/ Service=ModLauncher Env=CLIENT
[03abr.2025 12:07:19.176] [main/DEBUG] [mixin/]: Initialising Mixin Platform Manager
[03abr.2025 12:07:19.177] [main/DEBUG] [mixin/]: Adding mixin platform agents for container ModLauncher Root Container(ModLauncher:4f56a0a2)
[03abr.2025 12:07:19.177] [main/DEBUG] [mixin/]: Instancing new MixinPlatformAgentMinecraftForge for ModLauncher Root Container(ModLauncher:4f56a0a2)
[03abr.2025 12:07:19.177] [main/DEBUG] [mixin/]: MixinPlatformAgentMinecraftForge rejected container ModLauncher Root Container(ModLauncher:4f56a0a2)
[03abr.2025 12:07:19.178] [main/DEBUG] [mixin/]: Instancing new MixinPlatformAgentDefault for ModLauncher Root Container(ModLauncher:4f56a0a2)
[03abr.2025 12:07:19.178] [main/DEBUG] [mixin/]: MixinPlatformAgentDefault accepted container ModLauncher Root Container(ModLauncher:4f56a0a2)
[03abr.2025 12:07:19.179] [main/DEBUG] [cpw.mods.modlauncher.TransformationServiceDecorator/MODLAUNCHER]: Initialized transformation service mixin
[03abr.2025 12:07:19.179] [main/DEBUG] [cpw.mods.modlauncher.TransformationServiceDecorator/MODLAUNCHER]: Initializing transformation service fml
[03abr.2025 12:07:19.179] [main/DEBUG] [net.neoforged.fml.loading.FMLServiceProvider/CORE]: Setting up basic FML game directories
[03abr.2025 12:07:19.179] [main/DEBUG] [net.neoforged.fml.loading.FMLPaths/CORE]: Path GAMEDIR is C:\Users\klz02\Desktop\modded_gateways\runs\client
[03abr.2025 12:07:19.180] [main/DEBUG] [net.neoforged.fml.loading.FMLPaths/CORE]: Path MODSDIR is C:\Users\klz02\Desktop\modded_gateways\runs\client\mods
[03abr.2025 12:07:19.180] [main/DEBUG] [net.neoforged.fml.loading.FMLPaths/CORE]: Path CONFIGDIR is C:\Users\klz02\Desktop\modded_gateways\runs\client\config
[03abr.2025 12:07:19.180] [main/DEBUG] [net.neoforged.fml.loading.FMLPaths/CORE]: Path FMLCONFIG is C:\Users\klz02\Desktop\modded_gateways\runs\client\config\fml.toml
[03abr.2025 12:07:19.180] [main/DEBUG] [net.neoforged.fml.loading.FMLServiceProvider/CORE]: Loading configuration
[03abr.2025 12:07:19.204] [main/TRACE] [net.neoforged.fml.loading.FMLConfig/CORE]: Loaded FML config from C:\Users\klz02\Desktop\modded_gateways\runs\client\config\fml.toml
[03abr.2025 12:07:19.204] [main/TRACE] [net.neoforged.fml.loading.FMLConfig/CORE]: FMLConfig disableConfigWatcher is false
[03abr.2025 12:07:19.204] [main/TRACE] [net.neoforged.fml.loading.FMLConfig/CORE]: FMLConfig earlyWindowControl is true
[03abr.2025 12:07:19.204] [main/TRACE] [net.neoforged.fml.loading.FMLConfig/CORE]: FMLConfig maxThreads is 12
[03abr.2025 12:07:19.204] [main/TRACE] [net.neoforged.fml.loading.FMLConfig/CORE]: FMLConfig versionCheck is true
[03abr.2025 12:07:19.204] [main/TRACE] [net.neoforged.fml.loading.FMLConfig/CORE]: FMLConfig defaultConfigPath is defaultconfigs
[03abr.2025 12:07:19.204] [main/TRACE] [net.neoforged.fml.loading.FMLConfig/CORE]: FMLConfig disableOptimizedDFU is true
[03abr.2025 12:07:19.204] [main/TRACE] [net.neoforged.fml.loading.FMLConfig/CORE]: FMLConfig earlyWindowProvider is fmlearlywindow
[03abr.2025 12:07:19.204] [main/TRACE] [net.neoforged.fml.loading.FMLConfig/CORE]: FMLConfig earlyWindowWidth is 854
[03abr.2025 12:07:19.205] [main/TRACE] [net.neoforged.fml.loading.FMLConfig/CORE]: FMLConfig earlyWindowHeight is 480
[03abr.2025 12:07:19.205] [main/TRACE] [net.neoforged.fml.loading.FMLConfig/CORE]: FMLConfig earlyWindowFBScale is 1
[03abr.2025 12:07:19.205] [main/TRACE] [net.neoforged.fml.loading.FMLConfig/CORE]: FMLConfig earlyWindowMaximized is false
[03abr.2025 12:07:19.205] [main/TRACE] [net.neoforged.fml.loading.FMLConfig/CORE]: FMLConfig earlyWindowSkipGLVersions is []
[03abr.2025 12:07:19.205] [main/TRACE] [net.neoforged.fml.loading.FMLConfig/CORE]: FMLConfig earlyWindowSquir is false
[03abr.2025 12:07:19.207] [main/DEBUG] [net.neoforged.fml.loading.LaunchContext/SCAN]: Located paths when launch context was created: [C:\Users\klz02\.gradle\caches\modules-2\files-2.1\commons-io\commons-io\2.15.1\f11560da189ab563a5c8e351941415430e9304ea\commons-io-2.15.1.jar, C:\Users\klz02\.gradle\caches\modules-2\files-2.1\io.netty\netty-common\4.1.97.Final\7cceacaf11df8dc63f23d0fb58e9d4640fc88404\netty-common-4.1.97.Final.jar, C:\Users\klz02\.gradle\caches\modules-2\files-2.1\io.netty\netty-buffer\4.1.97.Final\f8f3d8644afa5e6e1a40a3a6aeb9d9aa970ecb4f\netty-buffer-4.1.97.Final.jar, C:\Users\klz02\.gradle\caches\modules-2\files-2.1\org.openjdk.nashorn\nashorn-core\15.4\f67f5ffaa5f5130cf6fb9b133da00c7df3b532a5\nashorn-core-15.4.jar, C:\Users\klz02\.gradle\caches\modules-2\files-2.1\org.codehaus.plexus\plexus-utils\3.3.0\cf43b5391de623b36fe066a21127baef82c64022\plexus-utils-3.3.0.jar, C:\Users\klz02\.gradle\caches\modules-2\files-2.1\org.lwjgl\lwjgl-opengl\3.3.3\65e956d3735a1abdc82eff4baec1b61174697d4b\lwjgl-opengl-3.3.3-natives-windows-arm64.jar, C:\Users\klz02\.gradle\caches\modules-2\files-2.1\io.netty\netty-transport\4.1.97.Final\f37380d23c9bb079bc702910833b2fd532c9abd0\netty-transport-4.1.97.Final.jar, C:\Users\klz02\.gradle\caches\modules-2\files-2.1\org.lz4\lz4-java\1.8.0\4b986a99445e49ea5fbf5d149c4b63f6ed6c6780\lz4-java-1.8.0.jar, C:\Users\klz02\.gradle\caches\modules-2\files-2.1\com.mojang\patchy\2.2.10\da05971b07cbb379d002cf7eaec6a2048211fefc\patchy-2.2.10.jar, C:\Users\klz02\.gradle\caches\modules-2\files-2.1\net.neoforged\mergetool\2.0.3\1275202cbbb248f49345cf6787ce299afd9a02fb\mergetool-2.0.3-api.jar, C:\Users\klz02\.gradle\caches\modules-2\files-2.1\org.antlr\antlr4-runtime\4.13.1\17125bae1d965624e265ef49552f6465a2bfa307\antlr4-runtime-4.13.1.jar, C:\Users\klz02\.gradle\caches\modules-2\files-2.1\commons-logging\commons-logging\1.2\4bfc12adfe4842bf07b657f0369c4cb522955686\commons-logging-1.2.jar, C:\Users\klz02\.gradle\caches\modules-2\files-2.1\com.electronwill.night-config\toml\3.8.0\861dbcf2757dd6701c98b3949198549ccb5f62ff\toml-3.8.0.jar, C:\Users\klz02\.gradle\caches\modules-2\files-2.1\com.mojang\blocklist\1.0.10\5c685c5ffa94c4cd39496c7184c1d122e515ecef\blocklist-1.0.10.jar, C:\Users\klz02\.gradle\caches\modules-2\files-2.1\org.lwjgl\lwjgl-stb\3.3.3\25dd6161988d7e65f71d5065c99902402ee32746\lwjgl-stb-3.3.3.jar, C:\Users\klz02\.gradle\caches\modules-2\files-2.1\net.neoforged.fancymodloader\loader\4.0.38\93c846ca0115811833d7f7351641f11aebf88ff4\loader-4.0.38.jar, C:\Users\klz02\.gradle\caches\modules-2\files-2.1\org.lwjgl\lwjgl-jemalloc\3.3.3\426222fc027602a5f21b9c0fe79cde6a4c7a011f\lwjgl-jemalloc-3.3.3-natives-windows.jar, C:\Users\klz02\.gradle\caches\modules-2\files-2.1\com.google.j2objc\j2objc-annotations\2.8\c85270e307e7b822f1086b93689124b89768e273\j2objc-annotations-2.8.jar, C:\Users\klz02\.gradle\caches\modules-2\files-2.1\org.lwjgl\lwjgl-stb\3.3.3\1d9facdf6541de114b0f963be33505b7679c78cb\lwjgl-stb-3.3.3-natives-windows.jar, C:\Users\klz02\.gradle\caches\modules-2\files-2.1\net.sf.jopt-simple\jopt-simple\5.0.4\4fdac2fbe92dfad86aa6e9301736f6b4342a3f5c\jopt-simple-5.0.4.jar, C:\Users\klz02\.gradle\caches\modules-2\files-2.1\org.lwjgl\lwjgl-tinyfd\3.3.3\82d755ca94b102e9ca77283b9e2dc46d1b15fbe5\lwjgl-tinyfd-3.3.3.jar, C:\Users\klz02\.gradle\caches\modules-2\files-2.1\com.ibm.icu\icu4j\73.2\61ad4ef7f9131fcf6d25c34b817f90d6da06c9e9\icu4j-73.2.jar, C:\Users\klz02\.gradle\caches\modules-2\files-2.1\io.netty\netty-codec\4.1.97.Final\384ba4d75670befbedb45c4d3b497a93639c206d\netty-codec-4.1.97.Final.jar, C:\Users\klz02\.gradle\caches\modules-2\files-2.1\com.google.errorprone\error_prone_annotations\2.18.0\89b684257096f548fa39a7df9fdaa409d4d4df91\error_prone_annotations-2.18.0.jar, C:\Users\klz02\.gradle\caches\modules-2\files-2.1\net.java.dev.jna\jna-platform\5.14.0\28934d48aed814f11e4c584da55c49fa7032b31b\jna-platform-5.14.0.jar, C:\Users\klz02\.gradle\caches\modules-2\files-2.1\io.netty\netty-resolver\4.1.97.Final\cec8348108dc76c47cf87c669d514be52c922144\netty-resolver-4.1.97.Final.jar, C:\Users\klz02\.gradle\caches\modules-2\files-2.1\net.neoforged\JarJarMetadata\0.4.1\f8da03683dc81694556dc3e177c5e3bb77ae6fcb\JarJarMetadata-0.4.1.jar, C:\Users\klz02\.gradle\caches\modules-2\files-2.1\net.neoforged.accesstransformers\at-modlauncher\10.0.1\5aba50202aceead086bc09fbc2751c9f05cb4890\at-modlauncher-10.0.1.jar, C:\Users\klz02\.gradle\caches\modules-2\files-2.1\com.machinezoo.noexception\noexception\1.7.1\b65330c98e38a1f915fa54a6e5eca496505e3f0a\noexception-1.7.1.jar, C:\Users\klz02\.gradle\caches\modules-2\files-2.1\io.netty\netty-transport-classes-epoll\4.1.97.Final\795da37ded759e862457a82d9d92c4d39ce8ecee\netty-transport-classes-epoll-4.1.97.Final.jar, C:\Users\klz02\.gradle\caches\modules-2\files-2.1\com.mojang\text2speech\1.17.9\3cad216e3a7f0c19b4b394388bc9ffc446f13b14\text2speech-1.17.9.jar, C:\Users\klz02\.gradle\caches\modules-2\files-2.1\org.lwjgl\lwjgl-freetype\3.3.3\a0db6c84a8becc8ca05f9dbfa985edc348a824c7\lwjgl-freetype-3.3.3.jar, C:\Users\klz02\.gradle\caches\modules-2\files-2.1\org.checkerframework\checker-qual\3.33.0\de2b60b62da487644fc11f734e73c8b0b431238f\checker-qual-3.33.0.jar, C:\Users\klz02\.gradle\caches\modules-2\files-2.1\net.minecrell\terminalconsoleappender\1.3.0\b562e9bb61235c9520e26282cdee71f8f802d1fc\terminalconsoleappender-1.3.0.jar, C:\Users\klz02\.gradle\caches\modules-2\files-2.1\org.lwjgl\lwjgl-tinyfd\3.3.3\a6697981b0449a5087c1d546fc08b4f73e8f98c9\lwjgl-tinyfd-3.3.3-natives-windows.jar, C:\Users\klz02\.gradle\caches\modules-2\files-2.1\org.jcraft\jorbis\0.0.17\8872d22b293e8f5d7d56ff92be966e6dc28ebdc6\jorbis-0.0.17.jar, C:\Users\klz02\.gradle\caches\modules-2\files-2.1\net.neoforged\neoform\1.21.1-20240808.144430\811e2bd86fa2cda2812e5e8e51d718ea8bd6d3f4\neoform-1.21.1-20240808.144430.zip, C:\Users\klz02\.gradle\caches\modules-2\files-2.1\org.lwjgl\lwjgl\3.3.3\9e670718e050aeaeea0c2d5b907cffb142f2e58f\lwjgl-3.3.3-natives-windows-x86.jar, C:\Users\klz02\.gradle\caches\modules-2\files-2.1\org.apache.logging.log4j\log4j-slf4j2-impl\2.22.1\d7e6693c2606cb7e7335047d7bb96dec52db5665\log4j-slf4j2-impl-2.22.1.jar, C:\Users\klz02\.gradle\caches\modules-2\files-2.1\net.jodah\typetools\0.6.3\a01aaa6ddaea9ec07ec4f209487b7a46a526283a\typetools-0.6.3.jar, C:\Users\klz02\.gradle\caches\modules-2\files-2.1\org.apache.maven\maven-artifact\3.8.5\4433f50c07debefaed0553bd0068f4f48d449313\maven-artifact-3.8.5.jar, C:\Users\klz02\.gradle\caches\modules-2\files-2.1\org.lwjgl\lwjgl-openal\3.3.3\87b8d5050e3adb46bb58fe1cb2669a4a48fce10d\lwjgl-openal-3.3.3-natives-windows-x86.jar, C:\Users\klz02\.gradle\caches\modules-2\files-2.1\org.lwjgl\lwjgl-opengl\3.3.3\2f6b0147078396a58979125a4c947664e98293a\lwjgl-opengl-3.3.3.jar, C:\Users\klz02\.gradle\caches\modules-2\files-2.1\com.mojang\logging\1.2.7\24cb95ffb0e3433fd6e844c04e68009e504ca1c0\logging-1.2.7.jar, C:\Users\klz02\.gradle\caches\modules-2\files-2.1\commons-codec\commons-codec\1.16.0\4e3eb3d79888d76b54e28b350915b5dc3919c9de\commons-codec-1.16.0.jar, C:\Users\klz02\.gradle\caches\modules-2\files-2.1\org.lwjgl\lwjgl-openal\3.3.3\daada81ceb5fc0c291fbfdd4433cb8d9423577f2\lwjgl-openal-3.3.3.jar, C:\Users\klz02\.gradle\caches\modules-2\files-2.1\net.java.dev.jna\jna\5.14.0\67bf3eaea4f0718cb376a181a629e5f88fa1c9dd\jna-5.14.0.jar, C:\Users\klz02\.gradle\caches\modules-2\files-2.1\com.google.code.gson\gson\2.10.1\b3add478d4382b78ea20b1671390a858002feb6c\gson-2.10.1.jar, C:\Users\klz02\.gradle\caches\modules-2\files-2.1\org.jline\jline-reader\3.20.0\8f15415b022a25b473e8e16c28ae913186ffb9c4\jline-reader-3.20.0.jar, C:\Users\klz02\.gradle\caches\modules-2\files-2.1\org.apache.commons\commons-lang3\3.14.0\1ed471194b02f2c6cb734a0cd6f6f107c673afae\commons-lang3-3.14.0.jar, C:\Users\klz02\.gradle\caches\modules-2\files-2.1\it.unimi.dsi\fastutil\8.5.12\c24946d46824bd528054bface3231d2ecb7e95e8\fastutil-8.5.12.jar, C:\Users\klz02\.gradle\caches\modules-2\files-2.1\org.slf4j\slf4j-api\2.0.9\7cf2726fdcfbc8610f9a71fb3ed639871f315340\slf4j-api-2.0.9.jar, C:\Users\klz02\.gradle\caches\modules-2\files-2.1\com.google.guava\failureaccess\1.0.1\1dcf1de382a0bf95a3d8b0849546c88bac1292c9\failureaccess-1.0.1.jar, C:\Users\klz02\.gradle\caches\modules-2\files-2.1\net.minecraftforge\srgutils\0.4.15\ca408b131759478f164e010fae0d73997e125fb5\srgutils-0.4.15.jar, C:\Users\klz02\.gradle\caches\modules-2\files-2.1\org.jline\jline-terminal\3.20.0\d0ddcc708ddf527a3454c941b7b9225cc83a15ff\jline-terminal-3.20.0.jar, C:\Users\klz02\.gradle\caches\modules-2\files-2.1\net.neoforged\bus\8.0.2\163c9ef7c4bcca6d850c34e95261b606af91fe06\bus-8.0.2.jar, C:\Users\klz02\.gradle\caches\modules-2\files-2.1\com.mojang\brigadier\1.3.10\d15b53a14cf20fdcaa98f731af5dda654452c010\brigadier-1.3.10.jar, C:\Users\klz02\.gradle\caches\modules-2\files-2.1\io.netty\netty-transport-native-unix-common\4.1.97.Final\d469d84265ab70095b01b40886cabdd433b6e664\netty-transport-native-unix-common-4.1.97.Final.jar, C:\Users\klz02\.gradle\caches\modules-2\files-2.1\org.lwjgl\lwjgl-jemalloc\3.3.3\b543467b7ff3c6920539a88ee602d34098628be5\lwjgl-jemalloc-3.3.3.jar, C:\Users\klz02\.gradle\caches\modules-2\files-2.1\com.google.guava\guava\32.1.2-jre\5e64ec7e056456bef3a4bc4c6fdaef71e8ab6318\guava-32.1.2-jre.jar, C:\Users\klz02\.gradle\caches\modules-2\files-2.1\org.apache.logging.log4j\log4j-core\2.22.1\7183a25510a02ad00cc6a95d3b3d2a7d3c5a8dc4\log4j-core-2.22.1.jar, C:\Users\klz02\.gradle\caches\modules-2\files-2.1\io.netty\netty-handler\4.1.97.Final\abb86c6906bf512bf2b797a41cd7d2e8d3cd7c36\netty-handler-4.1.97.Final.jar, C:\Users\klz02\.gradle\caches\modules-2\files-2.1\cpw.mods\modlauncher\11.0.4\6619d4812a3c092310d521ebc4c9503727563df7\modlauncher-11.0.4.jar, C:\Users\klz02\.gradle\caches\modules-2\files-2.1\com.mojang\authlib\6.0.54\de8bc95660e1b2fe8793fd427a7a10dcec5b3ea7\authlib-6.0.54.jar, C:\Users\klz02\Desktop\modded_gateways\.gradle\repositories\ng_dummy_ng\net\minecraft\client\1.21.1\client-1.21.1-client-extra.jar, C:\Users\klz02\.gradle\caches\modules-2\files-2.1\org.apache.commons\commons-compress\1.26.0\659feffdd12280201c8aacb8f7be94f9a883c824\commons-compress-1.26.0.jar, C:\Users\klz02\.gradle\caches\modules-2\files-2.1\org.apache.httpcomponents\httpcore\4.4.16\51cf043c87253c9f58b539c9f7e44c8894223850\httpcore-4.4.16.jar, C:\Users\klz02\.gradle\caches\modules-2\files-2.1\net.fabricmc\sponge-mixin\0.15.2+mixin.0.8.7\2af2f021d8e02a0220dc27a7a72b4666d66d44ca\sponge-mixin-0.15.2+mixin.0.8.7.jar, C:\Users\klz02\.gradle\caches\modules-2\files-2.1\net.neoforged\coremods\7.0.3\9147e6f638b4272b3bd5fc8f92ad37802512c6c\coremods-7.0.3.jar, C:\Users\klz02\.gradle\caches\modules-2\files-2.1\net.neoforged\JarJarSelector\0.4.1\fb3cc7a58af22ad2880adb98af6d518128c47dae\JarJarSelector-0.4.1.jar, C:\Users\klz02\.gradle\caches\modules-2\files-2.1\org.lwjgl\lwjgl-freetype\3.3.3\15a8c1de7f51d07a92eae7ce1222557073a0c0c3\lwjgl-freetype-3.3.3-natives-windows-x86.jar, C:\Users\klz02\.gradle\caches\modules-2\files-2.1\com.github.oshi\oshi-core\6.4.10\b1d8ab82d11d92fd639b56d639f8f46f739dd5fa\oshi-core-6.4.10.jar, C:\Users\klz02\.gradle\caches\modules-2\files-2.1\org.lwjgl\lwjgl\3.3.3\29589b5f87ed335a6c7e7ee6a5775f81f97ecb84\lwjgl-3.3.3.jar, C:\Users\klz02\.gradle\caches\modules-2\files-2.1\org.joml\joml\1.10.5\22566d58af70ad3d72308bab63b8339906deb649\joml-1.10.5.jar, C:\Users\klz02\.gradle\caches\modules-2\files-2.1\org.lwjgl\lwjgl-glfw\3.3.3\32334f3fd5270a59bad9939a93115acb6de36dcf\lwjgl-glfw-3.3.3-natives-windows-x86.jar, C:\Users\klz02\.gradle\caches\modules-2\files-2.1\com.google.code.findbugs\jsr305\3.0.2\25ea2e8b0c338a877313bd4672d3fe056ea78f0d\jsr305-3.0.2.jar, C:\Users\klz02\.gradle\caches\modules-2\files-2.1\org.jetbrains\annotations\24.1.0\7af6a669488450c4a07c2c3254e2151df42d7d04\annotations-24.1.0.jar, C:\Users\klz02\.gradle\caches\modules-2\files-2.1\net.neoforged\accesstransformers\10.0.1\fd83b5725f76eae9115e9355fa1c456a6a441400\accesstransformers-10.0.1.jar, C:\Users\klz02\.gradle\caches\modules-2\files-2.1\com.mojang\datafixerupper\8.0.16\67d4de6d7f95d89bcf5862995fb854ebaec02a34\datafixerupper-8.0.16.jar, C:\Users\klz02\.gradle\caches\modules-2\files-2.1\com.google.guava\listenablefuture\9999.0-empty-to-avoid-conflict-with-guava\b421526c5f297295adef1c886e5246c39d4ac629\listenablefuture-9999.0-empty-to-avoid-conflict-with-guava.jar, C:\Users\klz02\.gradle\caches\modules-2\files-2.1\org.apache.httpcomponents\httpclient\4.5.13\e5f6cae5ca7ecaac1ec2827a9e2d65ae2869cada\httpclient-4.5.13.jar, C:\Users\klz02\.gradle\caches\modules-2\files-2.1\net.neoforged.fancymodloader\earlydisplay\4.0.38\4b040bd68cf05bc5f6025161e4187fcfd6168241\earlydisplay-4.0.38.jar, C:\Users\klz02\.gradle\caches\modules-2\files-2.1\org.lwjgl\lwjgl-glfw\3.3.3\efa1eb78c5ccd840e9f329717109b5e892d72f8e\lwjgl-glfw-3.3.3.jar, C:\Users\klz02\.gradle\caches\modules-2\files-2.1\org.apache.logging.log4j\log4j-api\2.22.1\bea6fede6328fabafd7e68363161a7ea6605abd1\log4j-api-2.22.1.jar, C:\Users\klz02\.gradle\caches\modules-2\files-2.1\com.electronwill.night-config\core\3.8.0\2498dd2b3120dd49e963e2feab8fa5d0c5f80e0a\core-3.8.0.jar, C:\Users\klz02\.gradle\caches\modules-2\files-2.1\ca.weblite\java-objc-bridge\1.1\1227f9e0666314f9de41477e3ec277e542ed7f7b\java-objc-bridge-1.1.jar]
[03abr.2025 12:07:19.207] [main/DEBUG] [net.neoforged.fml.loading.FMLServiceProvider/CORE]: Preparing launch handler
[03abr.2025 12:07:19.208] [main/DEBUG] [net.neoforged.fml.loading.FMLLoader/CORE]: Using forgeclientuserdev as launch service
[03abr.2025 12:07:19.208] [main/DEBUG] [net.neoforged.fml.common.asm.RuntimeDistCleaner/DISTXFORM]: Configuring for Dist CLIENT
[03abr.2025 12:07:19.210] [main/DEBUG] [cpw.mods.modlauncher.TransformationServiceDecorator/MODLAUNCHER]: Initialized transformation service fml
[03abr.2025 12:07:19.211] [main/DEBUG] [cpw.mods.modlauncher.TransformationServicesHandler/MODLAUNCHER]: Transformation services begin scanning
[03abr.2025 12:07:19.211] [main/DEBUG] [cpw.mods.modlauncher.TransformationServiceDecorator/MODLAUNCHER]: Beginning scan trigger - transformation service mixin
[03abr.2025 12:07:19.211] [main/DEBUG] [cpw.mods.modlauncher.TransformationServiceDecorator/MODLAUNCHER]: End scan trigger - transformation service mixin
[03abr.2025 12:07:19.211] [main/DEBUG] [cpw.mods.modlauncher.TransformationServiceDecorator/MODLAUNCHER]: Beginning scan trigger - transformation service fml
[03abr.2025 12:07:19.211] [main/DEBUG] [net.neoforged.fml.loading.FMLServiceProvider/CORE]: Initiating mod scan
[03abr.2025 12:07:19.215] [main/DEBUG] [net.neoforged.fml.loading.targets.CommonLaunchHandler/CORE]: Got mod coordinates modded_gateways%%C:\Users\klz02\Desktop\modded_gateways\build\resources\main;modded_gateways%%C:\Users\klz02\Desktop\modded_gateways\build\classes\java\main from env
[03abr.2025 12:07:19.215] [main/DEBUG] [net.neoforged.fml.loading.targets.CommonLaunchHandler/CORE]: Found supplied mod coordinates [{modded_gateways=[C:\Users\klz02\Desktop\modded_gateways\build\resources\main, C:\Users\klz02\Desktop\modded_gateways\build\classes\java\main]}]
[03abr.2025 12:07:19.230] [main/DEBUG] [net.neoforged.fml.util.ServiceLoaderUtil/CORE]: Found 4 implementations of IModFileCandidateLocator:
[03abr.2025 12:07:19.230] [main/DEBUG] [net.neoforged.fml.util.ServiceLoaderUtil/CORE]: 	       0 - [built-in] net.neoforged.fml.loading.moddiscovery.locators.NeoForgeDevProvider from loader-4.0.38.jar
[03abr.2025 12:07:19.231] [main/DEBUG] [net.neoforged.fml.util.ServiceLoaderUtil/CORE]: 	       0 - net.neoforged.fml.loading.moddiscovery.locators.ModsFolderLocator from loader-4.0.38.jar
[03abr.2025 12:07:19.231] [main/DEBUG] [net.neoforged.fml.util.ServiceLoaderUtil/CORE]: 	       0 - net.neoforged.fml.loading.moddiscovery.locators.MavenDirectoryLocator from loader-4.0.38.jar
[03abr.2025 12:07:19.231] [main/DEBUG] [net.neoforged.fml.util.ServiceLoaderUtil/CORE]: 	   -1000 - [built-in] net.neoforged.fml.loading.moddiscovery.locators.UserdevLocator from loader-4.0.38.jar
[03abr.2025 12:07:19.233] [main/DEBUG] [net.neoforged.fml.util.ServiceLoaderUtil/CORE]: Found 2 implementations of IModFileReader:
[03abr.2025 12:07:19.233] [main/DEBUG] [net.neoforged.fml.util.ServiceLoaderUtil/CORE]: 	       0 - net.neoforged.fml.loading.moddiscovery.readers.JarModsDotTomlModFileReader from loader-4.0.38.jar
[03abr.2025 12:07:19.234] [main/DEBUG] [net.neoforged.fml.util.ServiceLoaderUtil/CORE]: 	   -1000 - net.neoforged.fml.loading.moddiscovery.readers.NestedLibraryModReader from loader-4.0.38.jar
[03abr.2025 12:07:19.235] [main/DEBUG] [net.neoforged.fml.util.ServiceLoaderUtil/CORE]: Found 1 implementations of IDependencyLocator:
[03abr.2025 12:07:19.235] [main/DEBUG] [net.neoforged.fml.util.ServiceLoaderUtil/CORE]: 	       0 - net.neoforged.fml.loading.moddiscovery.locators.JarInJarDependencyLocator from loader-4.0.38.jar
[03abr.2025 12:07:19.236] [main/DEBUG] [net.neoforged.fml.loading.moddiscovery.ModDiscoverer/SCAN]: Scanning for mods and other resources to load. We know 4 ways to find mods
[03abr.2025 12:07:19.236] [main/DEBUG] [net.neoforged.fml.loading.moddiscovery.ModDiscoverer/SCAN]: Trying locator neoforge devenv provider ([C:\Users\klz02\Desktop\modded_gateways\.gradle\repositories\ng_dummy_ng\net\neoforged\neoforge\21.1.143\neoforge-21.1.143.jar])
[03abr.2025 12:07:19.387] [main/DEBUG] [net.neoforged.fml.loading.moddiscovery.ModFileInfo/LOADING]: Found valid mod file neoforge-21.1.143.jar with {minecraft} mods - versions {1.21.1}
[03abr.2025 12:07:19.387] [main/INFO] [net.neoforged.fml.loading.moddiscovery.ModDiscoverer/SCAN]: Found mod file "neoforge-21.1.143.jar" [locator: neoforge devenv provider ([C:\Users\klz02\Desktop\modded_gateways\.gradle\repositories\ng_dummy_ng\net\neoforged\neoforge\21.1.143\neoforge-21.1.143.jar])]
[03abr.2025 12:07:19.396] [main/DEBUG] [net.neoforged.fml.loading.moddiscovery.readers.JarModsDotTomlModFileReader/SCAN]: Found META-INF/neoforge.mods.toml mod of type null: C:\Users\klz02\Desktop\modded_gateways\.gradle\repositories\ng_dummy_ng\net\neoforged\neoforge\21.1.143\neoforge-21.1.143.jar
[03abr.2025 12:07:19.397] [main/DEBUG] [net.neoforged.fml.loading.moddiscovery.ModFileParser/LOADING]: Considering mod file candidate C:\Users\klz02\Desktop\modded_gateways\.gradle\repositories\ng_dummy_ng\net\neoforged\neoforge\21.1.143\neoforge-21.1.143.jar
[03abr.2025 12:07:19.419] [main/DEBUG] [net.neoforged.fml.loading.moddiscovery.ModFileInfo/LOADING]: Found valid mod file neoforge-21.1.143.jar with {neoforge} mods - versions {21.1.143}
[03abr.2025 12:07:19.419] [main/INFO] [net.neoforged.fml.loading.moddiscovery.ModDiscoverer/SCAN]: Found mod file "neoforge-21.1.143.jar" [locator: neoforge devenv provider ([C:\Users\klz02\Desktop\modded_gateways\.gradle\repositories\ng_dummy_ng\net\neoforged\neoforge\21.1.143\neoforge-21.1.143.jar])]
[03abr.2025 12:07:19.420] [main/DEBUG] [net.neoforged.fml.loading.moddiscovery.ModDiscoverer/SCAN]: Locator neoforge devenv provider ([C:\Users\klz02\Desktop\modded_gateways\.gradle\repositories\ng_dummy_ng\net\neoforged\neoforge\21.1.143\neoforge-21.1.143.jar]) found 2 mods, 0 warnings, 0 errors and skipped 0 candidates
[03abr.2025 12:07:19.420] [main/DEBUG] [net.neoforged.fml.loading.moddiscovery.ModDiscoverer/SCAN]: Trying locator {mods folder locator at C:\Users\klz02\Desktop\modded_gateways\runs\client\mods}
[03abr.2025 12:07:19.421] [main/DEBUG] [net.neoforged.fml.loading.moddiscovery.locators.ModsFolderLocator/SCAN]: Scanning mods dir C:\Users\klz02\Desktop\modded_gateways\runs\client\mods for mods
[03abr.2025 12:07:19.423] [main/DEBUG] [net.neoforged.fml.loading.moddiscovery.ModDiscoverer/SCAN]: Locator {mods folder locator at C:\Users\klz02\Desktop\modded_gateways\runs\client\mods} found 0 mods, 0 warnings, 0 errors and skipped 0 candidates
[03abr.2025 12:07:19.423] [main/DEBUG] [net.neoforged.fml.loading.moddiscovery.ModDiscoverer/SCAN]: Trying locator maven libs
[03abr.2025 12:07:19.426] [main/DEBUG] [net.neoforged.fml.loading.moddiscovery.ModListHandler/CORE]: Found mod coordinates from lists: []
[03abr.2025 12:07:19.426] [main/DEBUG] [net.neoforged.fml.loading.moddiscovery.ModDiscoverer/SCAN]: Locator maven libs found 0 mods, 0 warnings, 0 errors and skipped 0 candidates
[03abr.2025 12:07:19.427] [main/DEBUG] [net.neoforged.fml.loading.moddiscovery.ModDiscoverer/SCAN]: Trying locator userdev mods and services
[03abr.2025 12:07:19.431] [main/DEBUG] [net.neoforged.fml.loading.moddiscovery.readers.JarModsDotTomlModFileReader/SCAN]: Found META-INF/neoforge.mods.toml mod of type null: C:\Users\klz02\Desktop\modded_gateways\build\resources\main
[03abr.2025 12:07:19.431] [main/DEBUG] [net.neoforged.fml.loading.moddiscovery.ModFileParser/LOADING]: Considering mod file candidate C:\Users\klz02\Desktop\modded_gateways\build\resources\main
[03abr.2025 12:07:19.438] [main/DEBUG] [net.neoforged.fml.loading.moddiscovery.ModFileInfo/LOADING]: Found valid mod file main with {modded_gateways} mods - versions {1.0.0.0}
[03abr.2025 12:07:19.438] [main/INFO] [net.neoforged.fml.loading.moddiscovery.ModDiscoverer/SCAN]: Found mod file "main" [locator: userdev mods and services, reader: mod manifest]
[03abr.2025 12:07:19.454] [main/DEBUG] [net.neoforged.fml.loading.moddiscovery.readers.JarModsDotTomlModFileReader/SCAN]: Found META-INF/neoforge.mods.toml mod of type null: C:\Users\klz02\Desktop\modded_gateways\.gradle\repositories\ng_dummy_ng\net\neoforged\neoforge\21.1.143\neoforge-21.1.143.jar
[03abr.2025 12:07:19.455] [main/DEBUG] [net.neoforged.fml.loading.moddiscovery.ModFileParser/LOADING]: Considering mod file candidate C:\Users\klz02\Desktop\modded_gateways\.gradle\repositories\ng_dummy_ng\net\neoforged\neoforge\21.1.143\neoforge-21.1.143.jar
[03abr.2025 12:07:19.458] [main/DEBUG] [net.neoforged.fml.loading.moddiscovery.ModFileInfo/LOADING]: Found valid mod file neoforge-21.1.143.jar with {neoforge} mods - versions {21.1.143}
[03abr.2025 12:07:19.458] [main/INFO] [net.neoforged.fml.loading.moddiscovery.ModDiscoverer/SCAN]: Found mod file "neoforge-21.1.143.jar" [locator: userdev mods and services, reader: mod manifest]
[03abr.2025 12:07:19.485] [main/DEBUG] [net.neoforged.fml.loading.moddiscovery.ModDiscoverer/]: Skipping C:\Users\klz02\.gradle\caches\modules-2\files-2.1\com.github.oshi\oshi-core\6.4.10\b1d8ab82d11d92fd639b56d639f8f46f739dd5fa\oshi-core-6.4.10.jar because it was already located earlier
[03abr.2025 12:07:19.485] [main/DEBUG] [net.neoforged.fml.loading.moddiscovery.ModDiscoverer/]: Skipping C:\Users\klz02\.gradle\caches\modules-2\files-2.1\com.mojang\authlib\6.0.54\de8bc95660e1b2fe8793fd427a7a10dcec5b3ea7\authlib-6.0.54.jar because it was already located earlier
[03abr.2025 12:07:19.485] [main/DEBUG] [net.neoforged.fml.loading.moddiscovery.ModDiscoverer/]: Skipping C:\Users\klz02\.gradle\caches\modules-2\files-2.1\com.mojang\datafixerupper\8.0.16\67d4de6d7f95d89bcf5862995fb854ebaec02a34\datafixerupper-8.0.16.jar because it was already located earlier
[03abr.2025 12:07:19.485] [main/DEBUG] [net.neoforged.fml.loading.moddiscovery.ModDiscoverer/]: Skipping C:\Users\klz02\.gradle\caches\modules-2\files-2.1\com.google.code.gson\gson\2.10.1\b3add478d4382b78ea20b1671390a858002feb6c\gson-2.10.1.jar because it was already located earlier
[03abr.2025 12:07:19.485] [main/DEBUG] [net.neoforged.fml.loading.moddiscovery.ModDiscoverer/]: Skipping C:\Users\klz02\.gradle\caches\modules-2\files-2.1\com.mojang\patchy\2.2.10\da05971b07cbb379d002cf7eaec6a2048211fefc\patchy-2.2.10.jar because it was already located earlier
[03abr.2025 12:07:19.485] [main/DEBUG] [net.neoforged.fml.loading.moddiscovery.ModDiscoverer/]: Skipping C:\Users\klz02\.gradle\caches\modules-2\files-2.1\com.mojang\text2speech\1.17.9\3cad216e3a7f0c19b4b394388bc9ffc446f13b14\text2speech-1.17.9.jar because it was already located earlier
[03abr.2025 12:07:19.486] [main/DEBUG] [net.neoforged.fml.loading.moddiscovery.ModDiscoverer/]: Skipping C:\Users\klz02\.gradle\caches\modules-2\files-2.1\com.google.guava\guava\32.1.2-jre\5e64ec7e056456bef3a4bc4c6fdaef71e8ab6318\guava-32.1.2-jre.jar because it was already located earlier
[03abr.2025 12:07:19.486] [main/DEBUG] [net.neoforged.fml.loading.moddiscovery.ModDiscoverer/]: Skipping C:\Users\klz02\.gradle\caches\modules-2\files-2.1\com.google.guava\failureaccess\1.0.1\1dcf1de382a0bf95a3d8b0849546c88bac1292c9\failureaccess-1.0.1.jar because it was already located earlier
[03abr.2025 12:07:19.486] [main/DEBUG] [net.neoforged.fml.loading.moddiscovery.ModDiscoverer/]: Skipping C:\Users\klz02\.gradle\caches\modules-2\files-2.1\com.ibm.icu\icu4j\73.2\61ad4ef7f9131fcf6d25c34b817f90d6da06c9e9\icu4j-73.2.jar because it was already located earlier
[03abr.2025 12:07:19.486] [main/DEBUG] [net.neoforged.fml.loading.moddiscovery.ModDiscoverer/]: Skipping C:\Users\klz02\.gradle\caches\modules-2\files-2.1\com.mojang\blocklist\1.0.10\5c685c5ffa94c4cd39496c7184c1d122e515ecef\blocklist-1.0.10.jar because it was already located earlier
[03abr.2025 12:07:19.486] [main/DEBUG] [net.neoforged.fml.loading.moddiscovery.ModDiscoverer/]: Skipping C:\Users\klz02\.gradle\caches\modules-2\files-2.1\com.mojang\brigadier\1.3.10\d15b53a14cf20fdcaa98f731af5dda654452c010\brigadier-1.3.10.jar because it was already located earlier
[03abr.2025 12:07:19.486] [main/DEBUG] [net.neoforged.fml.loading.moddiscovery.ModDiscoverer/]: Skipping C:\Users\klz02\.gradle\caches\modules-2\files-2.1\com.mojang\logging\1.2.7\24cb95ffb0e3433fd6e844c04e68009e504ca1c0\logging-1.2.7.jar because it was already located earlier
[03abr.2025 12:07:19.486] [main/DEBUG] [net.neoforged.fml.loading.moddiscovery.ModDiscoverer/]: Skipping C:\Users\klz02\.gradle\caches\modules-2\files-2.1\org.apache.httpcomponents\httpclient\4.5.13\e5f6cae5ca7ecaac1ec2827a9e2d65ae2869cada\httpclient-4.5.13.jar because it was already located earlier
[03abr.2025 12:07:19.486] [main/DEBUG] [net.neoforged.fml.loading.moddiscovery.ModDiscoverer/]: Skipping C:\Users\klz02\.gradle\caches\modules-2\files-2.1\commons-codec\commons-codec\1.16.0\4e3eb3d79888d76b54e28b350915b5dc3919c9de\commons-codec-1.16.0.jar because it was already located earlier
[03abr.2025 12:07:19.486] [main/DEBUG] [net.neoforged.fml.loading.moddiscovery.ModDiscoverer/]: Skipping C:\Users\klz02\.gradle\caches\modules-2\files-2.1\org.apache.commons\commons-compress\1.26.0\659feffdd12280201c8aacb8f7be94f9a883c824\commons-compress-1.26.0.jar because it was already located earlier
[03abr.2025 12:07:19.486] [main/DEBUG] [net.neoforged.fml.loading.moddiscovery.ModDiscoverer/]: Skipping C:\Users\klz02\.gradle\caches\modules-2\files-2.1\commons-io\commons-io\2.15.1\f11560da189ab563a5c8e351941415430e9304ea\commons-io-2.15.1.jar because it was already located earlier
[03abr.2025 12:07:19.486] [main/DEBUG] [net.neoforged.fml.loading.moddiscovery.ModDiscoverer/]: Skipping C:\Users\klz02\.gradle\caches\modules-2\files-2.1\commons-logging\commons-logging\1.2\4bfc12adfe4842bf07b657f0369c4cb522955686\commons-logging-1.2.jar because it was already located earlier
[03abr.2025 12:07:19.486] [main/DEBUG] [net.neoforged.fml.loading.moddiscovery.ModDiscoverer/]: Skipping C:\Users\klz02\.gradle\caches\modules-2\files-2.1\io.netty\netty-handler\4.1.97.Final\abb86c6906bf512bf2b797a41cd7d2e8d3cd7c36\netty-handler-4.1.97.Final.jar because it was already located earlier
[03abr.2025 12:07:19.486] [main/DEBUG] [net.neoforged.fml.loading.moddiscovery.ModDiscoverer/]: Skipping C:\Users\klz02\.gradle\caches\modules-2\files-2.1\io.netty\netty-codec\4.1.97.Final\384ba4d75670befbedb45c4d3b497a93639c206d\netty-codec-4.1.97.Final.jar because it was already located earlier
[03abr.2025 12:07:19.487] [main/DEBUG] [net.neoforged.fml.loading.moddiscovery.ModDiscoverer/]: Skipping C:\Users\klz02\.gradle\caches\modules-2\files-2.1\io.netty\netty-transport-classes-epoll\4.1.97.Final\795da37ded759e862457a82d9d92c4d39ce8ecee\netty-transport-classes-epoll-4.1.97.Final.jar because it was already located earlier
[03abr.2025 12:07:19.487] [main/DEBUG] [net.neoforged.fml.loading.moddiscovery.ModDiscoverer/]: Skipping C:\Users\klz02\.gradle\caches\modules-2\files-2.1\io.netty\netty-transport-native-unix-common\4.1.97.Final\d469d84265ab70095b01b40886cabdd433b6e664\netty-transport-native-unix-common-4.1.97.Final.jar because it was already located earlier
[03abr.2025 12:07:19.487] [main/DEBUG] [net.neoforged.fml.loading.moddiscovery.ModDiscoverer/]: Skipping C:\Users\klz02\.gradle\caches\modules-2\files-2.1\io.netty\netty-transport\4.1.97.Final\f37380d23c9bb079bc702910833b2fd532c9abd0\netty-transport-4.1.97.Final.jar because it was already located earlier
[03abr.2025 12:07:19.487] [main/DEBUG] [net.neoforged.fml.loading.moddiscovery.ModDiscoverer/]: Skipping C:\Users\klz02\.gradle\caches\modules-2\files-2.1\io.netty\netty-buffer\4.1.97.Final\f8f3d8644afa5e6e1a40a3a6aeb9d9aa970ecb4f\netty-buffer-4.1.97.Final.jar because it was already located earlier
[03abr.2025 12:07:19.487] [main/DEBUG] [net.neoforged.fml.loading.moddiscovery.ModDiscoverer/]: Skipping C:\Users\klz02\.gradle\caches\modules-2\files-2.1\io.netty\netty-resolver\4.1.97.Final\cec8348108dc76c47cf87c669d514be52c922144\netty-resolver-4.1.97.Final.jar because it was already located earlier
[03abr.2025 12:07:19.487] [main/DEBUG] [net.neoforged.fml.loading.moddiscovery.ModDiscoverer/]: Skipping C:\Users\klz02\.gradle\caches\modules-2\files-2.1\io.netty\netty-common\4.1.97.Final\7cceacaf11df8dc63f23d0fb58e9d4640fc88404\netty-common-4.1.97.Final.jar because it was already located earlier
[03abr.2025 12:07:19.487] [main/DEBUG] [net.neoforged.fml.loading.moddiscovery.ModDiscoverer/]: Skipping C:\Users\klz02\.gradle\caches\modules-2\files-2.1\it.unimi.dsi\fastutil\8.5.12\c24946d46824bd528054bface3231d2ecb7e95e8\fastutil-8.5.12.jar because it was already located earlier
[03abr.2025 12:07:19.487] [main/DEBUG] [net.neoforged.fml.loading.moddiscovery.ModDiscoverer/]: Skipping C:\Users\klz02\.gradle\caches\modules-2\files-2.1\net.java.dev.jna\jna-platform\5.14.0\28934d48aed814f11e4c584da55c49fa7032b31b\jna-platform-5.14.0.jar because it was already located earlier
[03abr.2025 12:07:19.487] [main/DEBUG] [net.neoforged.fml.loading.moddiscovery.ModDiscoverer/]: Skipping C:\Users\klz02\.gradle\caches\modules-2\files-2.1\ca.weblite\java-objc-bridge\1.1\1227f9e0666314f9de41477e3ec277e542ed7f7b\java-objc-bridge-1.1.jar because it was already located earlier
[03abr.2025 12:07:19.487] [main/DEBUG] [net.neoforged.fml.loading.moddiscovery.ModDiscoverer/]: Skipping C:\Users\klz02\.gradle\caches\modules-2\files-2.1\net.java.dev.jna\jna\5.14.0\67bf3eaea4f0718cb376a181a629e5f88fa1c9dd\jna-5.14.0.jar because it was already located earlier
[03abr.2025 12:07:19.487] [main/DEBUG] [net.neoforged.fml.loading.moddiscovery.ModDiscoverer/]: Skipping C:\Users\klz02\.gradle\caches\modules-2\files-2.1\net.neoforged\mergetool\2.0.3\1275202cbbb248f49345cf6787ce299afd9a02fb\mergetool-2.0.3-api.jar because it was already located earlier
[03abr.2025 12:07:19.487] [main/DEBUG] [net.neoforged.fml.loading.moddiscovery.ModDiscoverer/]: Skipping C:\Users\klz02\.gradle\caches\modules-2\files-2.1\net.sf.jopt-simple\jopt-simple\5.0.4\4fdac2fbe92dfad86aa6e9301736f6b4342a3f5c\jopt-simple-5.0.4.jar because it was already located earlier
[03abr.2025 12:07:19.487] [main/DEBUG] [net.neoforged.fml.loading.moddiscovery.ModDiscoverer/]: Skipping C:\Users\klz02\.gradle\caches\modules-2\files-2.1\org.apache.commons\commons-lang3\3.14.0\1ed471194b02f2c6cb734a0cd6f6f107c673afae\commons-lang3-3.14.0.jar because it was already located earlier
[03abr.2025 12:07:19.487] [main/DEBUG] [net.neoforged.fml.loading.moddiscovery.ModDiscoverer/]: Skipping C:\Users\klz02\.gradle\caches\modules-2\files-2.1\org.apache.httpcomponents\httpcore\4.4.16\51cf043c87253c9f58b539c9f7e44c8894223850\httpcore-4.4.16.jar because it was already located earlier
[03abr.2025 12:07:19.487] [main/DEBUG] [net.neoforged.fml.loading.moddiscovery.ModDiscoverer/]: Skipping C:\Users\klz02\.gradle\caches\modules-2\files-2.1\org.apache.logging.log4j\log4j-slf4j2-impl\2.22.1\d7e6693c2606cb7e7335047d7bb96dec52db5665\log4j-slf4j2-impl-2.22.1.jar because it was already located earlier
[03abr.2025 12:07:19.488] [main/DEBUG] [net.neoforged.fml.loading.moddiscovery.ModDiscoverer/]: Skipping C:\Users\klz02\.gradle\caches\modules-2\files-2.1\org.apache.logging.log4j\log4j-core\2.22.1\7183a25510a02ad00cc6a95d3b3d2a7d3c5a8dc4\log4j-core-2.22.1.jar because it was already located earlier
[03abr.2025 12:07:19.488] [main/DEBUG] [net.neoforged.fml.loading.moddiscovery.ModDiscoverer/]: Skipping C:\Users\klz02\.gradle\caches\modules-2\files-2.1\org.apache.logging.log4j\log4j-api\2.22.1\bea6fede6328fabafd7e68363161a7ea6605abd1\log4j-api-2.22.1.jar because it was already located earlier
[03abr.2025 12:07:19.488] [main/DEBUG] [net.neoforged.fml.loading.moddiscovery.ModDiscoverer/]: Skipping C:\Users\klz02\.gradle\caches\modules-2\files-2.1\org.jcraft\jorbis\0.0.17\8872d22b293e8f5d7d56ff92be966e6dc28ebdc6\jorbis-0.0.17.jar because it was already located earlier
[03abr.2025 12:07:19.488] [main/DEBUG] [net.neoforged.fml.loading.moddiscovery.ModDiscoverer/]: Skipping C:\Users\klz02\.gradle\caches\modules-2\files-2.1\org.joml\joml\1.10.5\22566d58af70ad3d72308bab63b8339906deb649\joml-1.10.5.jar because it was already located earlier
[03abr.2025 12:07:19.488] [main/DEBUG] [net.neoforged.fml.loading.moddiscovery.ModDiscoverer/]: Skipping C:\Users\klz02\.gradle\caches\modules-2\files-2.1\org.lwjgl\lwjgl-freetype\3.3.3\a0db6c84a8becc8ca05f9dbfa985edc348a824c7\lwjgl-freetype-3.3.3.jar because it was already located earlier
[03abr.2025 12:07:19.497] [main/DEBUG] [net.neoforged.fml.loading.moddiscovery.ModDiscoverer/]: Skipping C:\Users\klz02\.gradle\caches\modules-2\files-2.1\org.lwjgl\lwjgl-freetype\3.3.3\15a8c1de7f51d07a92eae7ce1222557073a0c0c3\lwjgl-freetype-3.3.3-natives-windows-x86.jar because it was already located earlier
[03abr.2025 12:07:19.497] [main/DEBUG] [net.neoforged.fml.loading.moddiscovery.ModDiscoverer/]: Skipping C:\Users\klz02\.gradle\caches\modules-2\files-2.1\org.lwjgl\lwjgl-glfw\3.3.3\efa1eb78c5ccd840e9f329717109b5e892d72f8e\lwjgl-glfw-3.3.3.jar because it was already located earlier
[03abr.2025 12:07:19.501] [pool-2-thread-1/INFO] [EARLYDISPLAY/]: GL info: NVIDIA GeForce GTX 1060 6GB/PCIe/SSE2 GL version 4.6.0 NVIDIA 566.36, NVIDIA Corporation
[03abr.2025 12:07:19.505] [main/DEBUG] [net.neoforged.fml.loading.moddiscovery.ModDiscoverer/]: Skipping C:\Users\klz02\.gradle\caches\modules-2\files-2.1\org.lwjgl\lwjgl-glfw\3.3.3\32334f3fd5270a59bad9939a93115acb6de36dcf\lwjgl-glfw-3.3.3-natives-windows-x86.jar because it was already located earlier
[03abr.2025 12:07:19.505] [main/DEBUG] [net.neoforged.fml.loading.moddiscovery.ModDiscoverer/]: Skipping C:\Users\klz02\.gradle\caches\modules-2\files-2.1\org.lwjgl\lwjgl-jemalloc\3.3.3\b543467b7ff3c6920539a88ee602d34098628be5\lwjgl-jemalloc-3.3.3.jar because it was already located earlier
[03abr.2025 12:07:19.505] [main/DEBUG] [net.neoforged.fml.loading.moddiscovery.ModDiscoverer/]: Skipping C:\Users\klz02\.gradle\caches\modules-2\files-2.1\org.lwjgl\lwjgl-jemalloc\3.3.3\426222fc027602a5f21b9c0fe79cde6a4c7a011f\lwjgl-jemalloc-3.3.3-natives-windows.jar because it was already located earlier
[03abr.2025 12:07:19.512] [main/DEBUG] [net.neoforged.fml.loading.moddiscovery.ModDiscoverer/]: Skipping C:\Users\klz02\.gradle\caches\modules-2\files-2.1\org.lwjgl\lwjgl-openal\3.3.3\daada81ceb5fc0c291fbfdd4433cb8d9423577f2\lwjgl-openal-3.3.3.jar because it was already located earlier
[03abr.2025 12:07:19.519] [main/DEBUG] [net.neoforged.fml.loading.moddiscovery.ModDiscoverer/]: Skipping C:\Users\klz02\.gradle\caches\modules-2\files-2.1\org.lwjgl\lwjgl-openal\3.3.3\87b8d5050e3adb46bb58fe1cb2669a4a48fce10d\lwjgl-openal-3.3.3-natives-windows-x86.jar because it was already located earlier
[03abr.2025 12:07:19.519] [main/DEBUG] [net.neoforged.fml.loading.moddiscovery.ModDiscoverer/]: Skipping C:\Users\klz02\.gradle\caches\modules-2\files-2.1\org.lwjgl\lwjgl-opengl\3.3.3\2f6b0147078396a58979125a4c947664e98293a\lwjgl-opengl-3.3.3.jar because it was already located earlier
[03abr.2025 12:07:19.523] [main/DEBUG] [net.neoforged.fml.loading.moddiscovery.ModDiscoverer/]: Skipping C:\Users\klz02\.gradle\caches\modules-2\files-2.1\org.lwjgl\lwjgl-opengl\3.3.3\65e956d3735a1abdc82eff4baec1b61174697d4b\lwjgl-opengl-3.3.3-natives-windows-arm64.jar because it was already located earlier
[03abr.2025 12:07:19.527] [main/DEBUG] [net.neoforged.fml.loading.moddiscovery.ModDiscoverer/]: Skipping C:\Users\klz02\.gradle\caches\modules-2\files-2.1\org.lwjgl\lwjgl-stb\3.3.3\25dd6161988d7e65f71d5065c99902402ee32746\lwjgl-stb-3.3.3.jar because it was already located earlier
[03abr.2025 12:07:19.528] [main/DEBUG] [net.neoforged.fml.loading.moddiscovery.ModDiscoverer/]: Skipping C:\Users\klz02\.gradle\caches\modules-2\files-2.1\org.lwjgl\lwjgl-stb\3.3.3\1d9facdf6541de114b0f963be33505b7679c78cb\lwjgl-stb-3.3.3-natives-windows.jar because it was already located earlier
[03abr.2025 12:07:19.534] [main/DEBUG] [net.neoforged.fml.loading.moddiscovery.ModDiscoverer/]: Skipping C:\Users\klz02\.gradle\caches\modules-2\files-2.1\org.lwjgl\lwjgl-tinyfd\3.3.3\82d755ca94b102e9ca77283b9e2dc46d1b15fbe5\lwjgl-tinyfd-3.3.3.jar because it was already located earlier
[03abr.2025 12:07:19.534] [main/DEBUG] [net.neoforged.fml.loading.moddiscovery.ModDiscoverer/]: Skipping C:\Users\klz02\.gradle\caches\modules-2\files-2.1\org.lwjgl\lwjgl-tinyfd\3.3.3\a6697981b0449a5087c1d546fc08b4f73e8f98c9\lwjgl-tinyfd-3.3.3-natives-windows.jar because it was already located earlier
[03abr.2025 12:07:19.543] [main/DEBUG] [net.neoforged.fml.loading.moddiscovery.ModDiscoverer/]: Skipping C:\Users\klz02\.gradle\caches\modules-2\files-2.1\org.lwjgl\lwjgl\3.3.3\29589b5f87ed335a6c7e7ee6a5775f81f97ecb84\lwjgl-3.3.3.jar because it was already located earlier
[03abr.2025 12:07:19.567] [main/DEBUG] [net.neoforged.fml.loading.moddiscovery.ModDiscoverer/]: Skipping C:\Users\klz02\.gradle\caches\modules-2\files-2.1\org.lwjgl\lwjgl\3.3.3\9e670718e050aeaeea0c2d5b907cffb142f2e58f\lwjgl-3.3.3-natives-windows-x86.jar because it was already located earlier
[03abr.2025 12:07:19.568] [main/DEBUG] [net.neoforged.fml.loading.moddiscovery.ModDiscoverer/]: Skipping C:\Users\klz02\.gradle\caches\modules-2\files-2.1\org.lz4\lz4-java\1.8.0\4b986a99445e49ea5fbf5d149c4b63f6ed6c6780\lz4-java-1.8.0.jar because it was already located earlier
[03abr.2025 12:07:19.568] [main/DEBUG] [net.neoforged.fml.loading.moddiscovery.ModDiscoverer/]: Skipping C:\Users\klz02\.gradle\caches\modules-2\files-2.1\org.slf4j\slf4j-api\2.0.9\7cf2726fdcfbc8610f9a71fb3ed639871f315340\slf4j-api-2.0.9.jar because it was already located earlier
[03abr.2025 12:07:19.568] [main/DEBUG] [net.neoforged.fml.loading.moddiscovery.ModDiscoverer/]: Skipping C:\Users\klz02\.gradle\caches\modules-2\files-2.1\com.google.code.findbugs\jsr305\3.0.2\25ea2e8b0c338a877313bd4672d3fe056ea78f0d\jsr305-3.0.2.jar because it was already located earlier
[03abr.2025 12:07:19.568] [main/DEBUG] [net.neoforged.fml.loading.moddiscovery.ModDiscoverer/]: Skipping C:\Users\klz02\.gradle\caches\modules-2\files-2.1\org.jetbrains\annotations\24.1.0\7af6a669488450c4a07c2c3254e2151df42d7d04\annotations-24.1.0.jar because it was already located earlier
[03abr.2025 12:07:19.568] [main/DEBUG] [net.neoforged.fml.loading.moddiscovery.ModDiscoverer/]: Skipping C:\Users\klz02\.gradle\caches\modules-2\files-2.1\net.neoforged.fancymodloader\earlydisplay\4.0.38\4b040bd68cf05bc5f6025161e4187fcfd6168241\earlydisplay-4.0.38.jar because it was already located earlier
[03abr.2025 12:07:19.568] [main/DEBUG] [net.neoforged.fml.loading.moddiscovery.ModDiscoverer/]: Skipping C:\Users\klz02\.gradle\caches\modules-2\files-2.1\net.neoforged.fancymodloader\loader\4.0.38\93c846ca0115811833d7f7351641f11aebf88ff4\loader-4.0.38.jar because it was already located earlier
[03abr.2025 12:07:19.568] [main/DEBUG] [net.neoforged.fml.loading.moddiscovery.ModDiscoverer/]: Skipping C:\Users\klz02\.gradle\caches\modules-2\files-2.1\net.neoforged\coremods\7.0.3\9147e6f638b4272b3bd5fc8f92ad37802512c6c\coremods-7.0.3.jar because it was already located earlier
[03abr.2025 12:07:19.569] [main/DEBUG] [net.neoforged.fml.loading.moddiscovery.ModDiscoverer/]: Skipping C:\Users\klz02\.gradle\caches\modules-2\files-2.1\cpw.mods\modlauncher\11.0.4\6619d4812a3c092310d521ebc4c9503727563df7\modlauncher-11.0.4.jar because it was already located earlier
[03abr.2025 12:07:19.569] [main/DEBUG] [net.neoforged.fml.loading.moddiscovery.ModDiscoverer/]: Skipping C:\Users\klz02\.gradle\caches\modules-2\files-2.1\net.neoforged.accesstransformers\at-modlauncher\10.0.1\5aba50202aceead086bc09fbc2751c9f05cb4890\at-modlauncher-10.0.1.jar because it was already located earlier
[03abr.2025 12:07:19.569] [main/DEBUG] [net.neoforged.fml.loading.moddiscovery.ModDiscoverer/]: Skipping C:\Users\klz02\.gradle\caches\modules-2\files-2.1\net.neoforged\accesstransformers\10.0.1\fd83b5725f76eae9115e9355fa1c456a6a441400\accesstransformers-10.0.1.jar because it was already located earlier
[03abr.2025 12:07:19.569] [main/DEBUG] [net.neoforged.fml.loading.moddiscovery.ModDiscoverer/]: Skipping C:\Users\klz02\.gradle\caches\modules-2\files-2.1\org.openjdk.nashorn\nashorn-core\15.4\f67f5ffaa5f5130cf6fb9b133da00c7df3b532a5\nashorn-core-15.4.jar because it was already located earlier
[03abr.2025 12:07:19.569] [main/DEBUG] [net.neoforged.fml.loading.moddiscovery.ModDiscoverer/]: Skipping C:\Users\klz02\.gradle\caches\modules-2\files-2.1\net.neoforged\bus\8.0.2\163c9ef7c4bcca6d850c34e95261b606af91fe06\bus-8.0.2.jar because it was already located earlier
[03abr.2025 12:07:19.569] [main/DEBUG] [net.neoforged.fml.loading.moddiscovery.ModDiscoverer/]: Skipping C:\Users\klz02\.gradle\caches\modules-2\files-2.1\com.electronwill.night-config\toml\3.8.0\861dbcf2757dd6701c98b3949198549ccb5f62ff\toml-3.8.0.jar because it was already located earlier
[03abr.2025 12:07:19.569] [main/DEBUG] [net.neoforged.fml.loading.moddiscovery.ModDiscoverer/]: Skipping C:\Users\klz02\.gradle\caches\modules-2\files-2.1\com.electronwill.night-config\core\3.8.0\2498dd2b3120dd49e963e2feab8fa5d0c5f80e0a\core-3.8.0.jar because it was already located earlier
[03abr.2025 12:07:19.570] [main/DEBUG] [net.neoforged.fml.loading.moddiscovery.ModDiscoverer/]: Skipping C:\Users\klz02\.gradle\caches\modules-2\files-2.1\net.neoforged\JarJarSelector\0.4.1\fb3cc7a58af22ad2880adb98af6d518128c47dae\JarJarSelector-0.4.1.jar because it was already located earlier
[03abr.2025 12:07:19.570] [main/DEBUG] [net.neoforged.fml.loading.moddiscovery.ModDiscoverer/]: Skipping C:\Users\klz02\.gradle\caches\modules-2\files-2.1\net.neoforged\JarJarMetadata\0.4.1\f8da03683dc81694556dc3e177c5e3bb77ae6fcb\JarJarMetadata-0.4.1.jar because it was already located earlier
[03abr.2025 12:07:19.570] [main/DEBUG] [net.neoforged.fml.loading.moddiscovery.ModDiscoverer/]: Skipping C:\Users\klz02\.gradle\caches\modules-2\files-2.1\org.apache.maven\maven-artifact\3.8.5\4433f50c07debefaed0553bd0068f4f48d449313\maven-artifact-3.8.5.jar because it was already located earlier
[03abr.2025 12:07:19.570] [main/DEBUG] [net.neoforged.fml.loading.moddiscovery.ModDiscoverer/]: Skipping C:\Users\klz02\.gradle\caches\modules-2\files-2.1\net.jodah\typetools\0.6.3\a01aaa6ddaea9ec07ec4f209487b7a46a526283a\typetools-0.6.3.jar because it was already located earlier
[03abr.2025 12:07:19.570] [main/DEBUG] [net.neoforged.fml.loading.moddiscovery.ModDiscoverer/]: Skipping C:\Users\klz02\.gradle\caches\modules-2\files-2.1\net.minecrell\terminalconsoleappender\1.3.0\b562e9bb61235c9520e26282cdee71f8f802d1fc\terminalconsoleappender-1.3.0.jar because it was already located earlier
[03abr.2025 12:07:19.570] [main/DEBUG] [net.neoforged.fml.loading.moddiscovery.ModDiscoverer/]: Skipping C:\Users\klz02\.gradle\caches\modules-2\files-2.1\net.fabricmc\sponge-mixin\0.15.2+mixin.0.8.7\2af2f021d8e02a0220dc27a7a72b4666d66d44ca\sponge-mixin-0.15.2+mixin.0.8.7.jar because it was already located earlier
[03abr.2025 12:07:19.576] [main/DEBUG] [net.neoforged.fml.loading.moddiscovery.readers.JarModsDotTomlModFileReader/SCAN]: Found META-INF/MANIFEST.MF mod of type GAMELIBRARY: C:\Users\klz02\.gradle\caches\modules-2\files-2.1\io.github.llamalad7\mixinextras-neoforge\0.4.1\eff97772ecd0dcf8e52cdbafd3b3ccec425f8314\mixinextras-neoforge-0.4.1.jar
[03abr.2025 12:07:19.580] [main/INFO] [net.neoforged.fml.loading.moddiscovery.ModDiscoverer/SCAN]: Found gamelibrary file "mixinextras-neoforge-0.4.1.jar" [locator: userdev mods and services, reader: mod manifest]
[03abr.2025 12:07:19.580] [main/DEBUG] [net.neoforged.fml.loading.moddiscovery.ModDiscoverer/]: Skipping C:\Users\klz02\.gradle\caches\modules-2\files-2.1\com.google.guava\listenablefuture\9999.0-empty-to-avoid-conflict-with-guava\b421526c5f297295adef1c886e5246c39d4ac629\listenablefuture-9999.0-empty-to-avoid-conflict-with-guava.jar because it was already located earlier
[03abr.2025 12:07:19.580] [main/DEBUG] [net.neoforged.fml.loading.moddiscovery.ModDiscoverer/]: Skipping C:\Users\klz02\.gradle\caches\modules-2\files-2.1\org.checkerframework\checker-qual\3.33.0\de2b60b62da487644fc11f734e73c8b0b431238f\checker-qual-3.33.0.jar because it was already located earlier
[03abr.2025 12:07:19.580] [main/DEBUG] [net.neoforged.fml.loading.moddiscovery.ModDiscoverer/]: Skipping C:\Users\klz02\.gradle\caches\modules-2\files-2.1\com.google.errorprone\error_prone_annotations\2.18.0\89b684257096f548fa39a7df9fdaa409d4d4df91\error_prone_annotations-2.18.0.jar because it was already located earlier
[03abr.2025 12:07:19.580] [main/DEBUG] [net.neoforged.fml.loading.moddiscovery.ModDiscoverer/]: Skipping C:\Users\klz02\.gradle\caches\modules-2\files-2.1\com.google.j2objc\j2objc-annotations\2.8\c85270e307e7b822f1086b93689124b89768e273\j2objc-annotations-2.8.jar because it was already located earlier
[03abr.2025 12:07:19.582] [main/DEBUG] [net.neoforged.fml.loading.moddiscovery.ModDiscoverer/]: Skipping C:\Users\klz02\.gradle\caches\modules-2\files-2.1\net.minecraftforge\srgutils\0.4.15\ca408b131759478f164e010fae0d73997e125fb5\srgutils-0.4.15.jar because it was already located earlier
[03abr.2025 12:07:19.582] [main/DEBUG] [net.neoforged.fml.loading.moddiscovery.ModDiscoverer/]: Skipping C:\Users\klz02\.gradle\caches\modules-2\files-2.1\org.antlr\antlr4-runtime\4.13.1\17125bae1d965624e265ef49552f6465a2bfa307\antlr4-runtime-4.13.1.jar because it was already located earlier
[03abr.2025 12:07:19.582] [main/DEBUG] [net.neoforged.fml.loading.moddiscovery.ModDiscoverer/]: Skipping C:\Users\klz02\.gradle\caches\modules-2\files-2.1\org.jline\jline-reader\3.20.0\8f15415b022a25b473e8e16c28ae913186ffb9c4\jline-reader-3.20.0.jar because it was already located earlier
[03abr.2025 12:07:19.582] [main/DEBUG] [net.neoforged.fml.loading.moddiscovery.ModDiscoverer/]: Skipping C:\Users\klz02\.gradle\caches\modules-2\files-2.1\org.jline\jline-terminal\3.20.0\d0ddcc708ddf527a3454c941b7b9225cc83a15ff\jline-terminal-3.20.0.jar because it was already located earlier
[03abr.2025 12:07:19.583] [main/DEBUG] [net.neoforged.fml.loading.moddiscovery.ModDiscoverer/]: Skipping C:\Users\klz02\.gradle\caches\modules-2\files-2.1\org.codehaus.plexus\plexus-utils\3.3.0\cf43b5391de623b36fe066a21127baef82c64022\plexus-utils-3.3.0.jar because it was already located earlier
[03abr.2025 12:07:19.583] [main/DEBUG] [net.neoforged.fml.loading.moddiscovery.ModDiscoverer/]: Skipping C:\Users\klz02\.gradle\caches\modules-2\files-2.1\com.machinezoo.noexception\noexception\1.7.1\b65330c98e38a1f915fa54a6e5eca496505e3f0a\noexception-1.7.1.jar because it was already located earlier
[03abr.2025 12:07:19.583] [main/DEBUG] [net.neoforged.fml.loading.moddiscovery.ModDiscoverer/]: Skipping C:\Users\klz02\Desktop\modded_gateways\.gradle\repositories\ng_dummy_ng\net\minecraft\client\1.21.1\client-1.21.1-client-extra.jar because it was already located earlier
[03abr.2025 12:07:19.583] [main/DEBUG] [net.neoforged.fml.loading.moddiscovery.ModDiscoverer/SCAN]: Locator userdev mods and services found 3 mods, 0 warnings, 0 errors and skipped 85 candidates
[03abr.2025 12:07:19.586] [main/DEBUG] [net.neoforged.fml.loading.UniqueModListBuilder/]: Found 2 mods for first modid neoforge, selecting most recent based on version data
[03abr.2025 12:07:19.586] [main/DEBUG] [net.neoforged.fml.loading.UniqueModListBuilder/]: Selected file neoforge-21.1.143.jar for modid neoforge with version 21.1.143
[03abr.2025 12:07:19.590] [main/DEBUG] [net.neoforged.fml.loading.moddiscovery.ModDiscoverer/SCAN]: Successfully Loaded 4 mods. Attempting to load dependencies...
[03abr.2025 12:07:19.591] [main/DEBUG] [net.neoforged.fml.loading.moddiscovery.ModDiscoverer/SCAN]: Trying locator jarinjar
[03abr.2025 12:07:19.596] [main/TRACE] [net.neoforged.fml.loading.moddiscovery.locators.JarInJarDependencyLocator/]: Failed to load resource META-INF\jarjar\metadata.json from neoforge-21.1.143.jar, it does not contain dependency information.
[03abr.2025 12:07:19.597] [main/TRACE] [net.neoforged.fml.loading.moddiscovery.locators.JarInJarDependencyLocator/]: Failed to load resource META-INF\jarjar\metadata.json from mixinextras-neoforge-0.4.1.jar, it does not contain dependency information.
[03abr.2025 12:07:19.597] [main/TRACE] [net.neoforged.fml.loading.moddiscovery.locators.JarInJarDependencyLocator/]: Failed to load resource META-INF\jarjar\metadata.json from main, it does not contain dependency information.
[03abr.2025 12:07:19.690] [main/DEBUG] [net.neoforged.fml.loading.moddiscovery.readers.JarModsDotTomlModFileReader/SCAN]: Found META-INF/MANIFEST.MF mod of type GAMELIBRARY: 
[03abr.2025 12:07:19.693] [main/DEBUG] [net.neoforged.fml.loading.moddiscovery.readers.JarModsDotTomlModFileReader/SCAN]: Found META-INF/MANIFEST.MF mod of type LIBRARY: 
[03abr.2025 12:07:19.693] [main/TRACE] [net.neoforged.fml.loading.moddiscovery.locators.JarInJarDependencyLocator/]: Failed to load resource META-INF\jarjar\metadata.json from mixinextras-neoforge-0.4.1.jar, it does not contain dependency information.
[03abr.2025 12:07:19.693] [main/TRACE] [net.neoforged.fml.loading.moddiscovery.locators.JarInJarDependencyLocator/]: Failed to load resource META-INF\jarjar\metadata.json from neoforge-coremods-21.1.143.jar, it does not contain dependency information.
[03abr.2025 12:07:19.725] [main/DEBUG] [net.neoforged.fml.loading.moddiscovery.readers.JarModsDotTomlModFileReader/SCAN]: Found META-INF/MANIFEST.MF mod of type LIBRARY: 
[03abr.2025 12:07:19.731] [main/DEBUG] [net.neoforged.fml.loading.moddiscovery.readers.JarModsDotTomlModFileReader/SCAN]: Found META-INF/MANIFEST.MF mod of type GAMELIBRARY: 
[03abr.2025 12:07:19.732] [main/WARN] [net.neoforged.jarjar.selection.JarSelector/]: Attempted to select a dependency jar for JarJar which was passed in as source: library:mixinextras.neoforge. Using Mod File: C:\Users\klz02\.gradle\caches\modules-2\files-2.1\io.github.llamalad7\mixinextras-neoforge\0.4.1\eff97772ecd0dcf8e52cdbafd3b3ccec425f8314\mixinextras-neoforge-0.4.1.jar
[03abr.2025 12:07:19.733] [main/INFO] [net.neoforged.fml.loading.moddiscovery.locators.JarInJarDependencyLocator/]: Found 1 dependencies adding them to mods collection
[03abr.2025 12:07:19.733] [main/INFO] [net.neoforged.fml.loading.moddiscovery.ModDiscoverer/SCAN]: Found library file "neoforge-coremods-21.1.143.jar" [parent: neoforge-21.1.143.jar, locator: jarinjar, reader: mod manifest]
[03abr.2025 12:07:19.734] [main/INFO] [net.neoforged.fml.loading.moddiscovery.ModDiscoverer/]: 
     Mod List:
		Name Version (Mod Id)

		Minecraft 1.21.1 (minecraft)
		Modded Gateways 1.0.0.0 (modded_gateways)
		NeoForge 21.1.143 (neoforge)
[03abr.2025 12:07:19.735] [main/DEBUG] [net.neoforged.fml.loading.moddiscovery.ModFileInfo/LOADING]: Found valid mod file neoforge-21.1.143.jar with {minecraft} mods - versions {1.21.1}
[03abr.2025 12:07:19.739] [main/DEBUG] [net.neoforged.fml.loading.moddiscovery.ModFile/LOADING]: Loading mod file C:\Users\klz02\Desktop\modded_gateways\.gradle\repositories\ng_dummy_ng\net\neoforged\neoforge\21.1.143\neoforge-21.1.143.jar with languages [LanguageSpec[languageName=minecraft, acceptedVersions=1]]
[03abr.2025 12:07:19.740] [main/DEBUG] [net.neoforged.fml.loading.moddiscovery.ModFileParser/LOADING]: Considering mod file candidate C:\Users\klz02\Desktop\modded_gateways\build\resources\main
[03abr.2025 12:07:19.743] [main/DEBUG] [net.neoforged.fml.loading.moddiscovery.ModFileInfo/LOADING]: Found valid mod file main with {modded_gateways} mods - versions {1.0.0.0}
[03abr.2025 12:07:19.743] [main/DEBUG] [net.neoforged.fml.loading.moddiscovery.ModFile/LOADING]: Loading mod file C:\Users\klz02\Desktop\modded_gateways\build\resources\main with languages [LanguageSpec[languageName=javafml, acceptedVersions=[1,)]]
[03abr.2025 12:07:19.744] [main/DEBUG] [net.neoforged.fml.loading.moddiscovery.ModFileParser/LOADING]: Considering mod file candidate C:\Users\klz02\Desktop\modded_gateways\.gradle\repositories\ng_dummy_ng\net\neoforged\neoforge\21.1.143\neoforge-21.1.143.jar
[03abr.2025 12:07:19.745] [main/DEBUG] [net.neoforged.fml.loading.moddiscovery.ModFileInfo/LOADING]: Found valid mod file neoforge-21.1.143.jar with {neoforge} mods - versions {21.1.143}
[03abr.2025 12:07:19.745] [main/DEBUG] [net.neoforged.fml.loading.moddiscovery.ModFile/LOADING]: Loading mod file C:\Users\klz02\Desktop\modded_gateways\.gradle\repositories\ng_dummy_ng\net\neoforged\neoforge\21.1.143\neoforge-21.1.143.jar with languages [LanguageSpec[languageName=javafml, acceptedVersions=[3,]]]
[03abr.2025 12:07:19.746] [main/DEBUG] [net.neoforged.fml.loading.moddiscovery.ModFile/LOADING]: Found mixin config MixinConfig[config=neoforge.mixins.json, requiredMods=[]]
[03abr.2025 12:07:19.746] [main/DEBUG] [net.neoforged.fml.loading.moddiscovery.ModFile/LOADING]: Loading mod file C:\Users\klz02\.gradle\caches\modules-2\files-2.1\io.github.llamalad7\mixinextras-neoforge\0.4.1\eff97772ecd0dcf8e52cdbafd3b3ccec425f8314\mixinextras-neoforge-0.4.1.jar with languages []
[03abr.2025 12:07:19.746] [main/DEBUG] [net.neoforged.fml.loading.moddiscovery.ModValidator/SCAN]: Found 4 mod files with 3 mods
[03abr.2025 12:07:19.747] [main/DEBUG] [cpw.mods.modlauncher.TransformationServiceDecorator/MODLAUNCHER]: End scan trigger - transformation service fml
[03abr.2025 12:07:19.760] [main/DEBUG] [net.neoforged.fml.util.ServiceLoaderUtil/CORE]: Found 3 implementations of IModLanguageLoader:
[03abr.2025 12:07:19.761] [main/DEBUG] [net.neoforged.fml.util.ServiceLoaderUtil/CORE]: 	net.neoforged.fml.javafmlmod.FMLJavaModLanguageProvider from loader-4.0.38.jar
[03abr.2025 12:07:19.761] [main/DEBUG] [net.neoforged.fml.util.ServiceLoaderUtil/CORE]: 	net.neoforged.fml.lowcodemod.LowCodeModLanguageProvider from loader-4.0.38.jar
[03abr.2025 12:07:19.761] [main/DEBUG] [net.neoforged.fml.util.ServiceLoaderUtil/CORE]: 	net.neoforged.fml.mclanguageprovider.MinecraftModLanguageProvider from loader-4.0.38.jar
[03abr.2025 12:07:19.762] [main/DEBUG] [net.neoforged.fml.loading.LanguageProviderLoader/CORE]: Found language provider javafml, version 4.0.38
[03abr.2025 12:07:19.762] [main/DEBUG] [net.neoforged.fml.loading.LanguageProviderLoader/CORE]: Found language provider lowcodefml, version 4.0.38
[03abr.2025 12:07:19.762] [main/DEBUG] [net.neoforged.fml.loading.LanguageProviderLoader/CORE]: Found language provider minecraft, version 4.0.38
[03abr.2025 12:07:19.768] [main/DEBUG] [net.neoforged.fml.loading.ModSorter/]: Configured system mods: [minecraft, neoforge]
[03abr.2025 12:07:19.768] [main/DEBUG] [net.neoforged.fml.loading.ModSorter/]: Found system mod: minecraft
[03abr.2025 12:07:19.768] [main/DEBUG] [net.neoforged.fml.loading.ModSorter/]: Found system mod: neoforge
[03abr.2025 12:07:19.770] [main/DEBUG] [net.neoforged.fml.loading.ModSorter/LOADING]: Found 3 mod requirements (3 mandatory, 0 optional)
[03abr.2025 12:07:19.771] [main/DEBUG] [net.neoforged.fml.loading.ModSorter/LOADING]: Found 1 mod requirements missing (1 mandatory, 0 optional)
[03abr.2025 12:07:19.772] [main/ERROR] [net.neoforged.fml.loading.ModSorter/LOADING]: Missing or unsupported mandatory dependencies:
	Mod ID: 'sgjourney', Requested by: 'modded_gateways', Expected range: '[0.6,]', Actual version: '[MISSING]'
[03abr.2025 12:07:19.778] [main/DEBUG] [net.neoforged.fml.loading.FMLLoader/SCAN]: Adding Access Transformer in C:\Users\klz02\Desktop\modded_gateways\.gradle\repositories\ng_dummy_ng\net\neoforged\neoforge\21.1.143\neoforge-21.1.143.jar
[03abr.2025 12:07:19.784] [main/DEBUG] [AXFORM/AXFORM]: Loading access transformer accesstransformer.cfg
[03abr.2025 12:07:19.951] [main/DEBUG] [AXFORM/AXFORM]: Loaded access transformer accesstransformer.cfg
[03abr.2025 12:07:19.954] [main/DEBUG] [mixin/]: Adding mixin platform agents for container net.neoforged.fml.loading.mixin.FMLMixinContainerHandle@cb0f763
[03abr.2025 12:07:19.954] [main/DEBUG] [mixin/]: Instancing new MixinPlatformAgentMinecraftForge for net.neoforged.fml.loading.mixin.FMLMixinContainerHandle@cb0f763
[03abr.2025 12:07:19.954] [main/DEBUG] [mixin/]: MixinPlatformAgentMinecraftForge rejected container net.neoforged.fml.loading.mixin.FMLMixinContainerHandle@cb0f763
[03abr.2025 12:07:19.955] [main/DEBUG] [mixin/]: Instancing new MixinPlatformAgentDefault for net.neoforged.fml.loading.mixin.FMLMixinContainerHandle@cb0f763
[03abr.2025 12:07:19.955] [main/DEBUG] [mixin/]: MixinPlatformAgentDefault accepted container net.neoforged.fml.loading.mixin.FMLMixinContainerHandle@cb0f763
[03abr.2025 12:07:19.955] [main/DEBUG] [mixin/]: Instancing new FMLMixinPlatformAgent for net.neoforged.fml.loading.mixin.FMLMixinContainerHandle@cb0f763
[03abr.2025 12:07:19.955] [main/DEBUG] [mixin/]: FMLMixinPlatformAgent accepted container net.neoforged.fml.loading.mixin.FMLMixinContainerHandle@cb0f763
[03abr.2025 12:07:19.966] [main/DEBUG] [cpw.mods.modlauncher.TransformationServicesHandler/MODLAUNCHER]: Transformation services loading transformers
[03abr.2025 12:07:19.966] [main/DEBUG] [cpw.mods.modlauncher.TransformationServiceDecorator/MODLAUNCHER]: Initializing transformers for transformation service mixin
[03abr.2025 12:07:19.968] [main/DEBUG] [cpw.mods.modlauncher.TransformationServiceDecorator/MODLAUNCHER]: Initialized transformers for transformation service mixin
[03abr.2025 12:07:19.968] [main/DEBUG] [cpw.mods.modlauncher.TransformationServiceDecorator/MODLAUNCHER]: Initializing transformers for transformation service fml
[03abr.2025 12:07:19.968] [main/DEBUG] [net.neoforged.fml.loading.FMLServiceProvider/LOADING]: Loading coremod transformers
[03abr.2025 12:07:19.969] [main/DEBUG] [net.neoforged.fml.loading.FMLServiceProvider/CORE]: Not loading coremod script-engine since no mod requested it
[03abr.2025 12:07:19.970] [main/DEBUG] [net.neoforged.fml.util.ServiceLoaderUtil/CORE]: Found 1 implementations of ICoreMod:
[03abr.2025 12:07:19.971] [main/DEBUG] [net.neoforged.fml.util.ServiceLoaderUtil/CORE]: 	net.neoforged.neoforge.coremods.NeoForgeCoreMod from neoforge-21.1.143.jar > neoforge-coremods-21.1.143.jar
[03abr.2025 12:07:19.978] [main/DEBUG] [net.neoforged.fml.loading.FMLServiceProvider/CORE]: Adding [Target[className=net.minecraft.world.level.biome.Biome, elementName=, elementDescriptor=, targetType=cpw.mods.modlauncher.api.TargetType@604f2bd2]] transformer from core-mod net.neoforged.neoforge.coremods.NeoForgeCoreMod@3b7b05a8 in neoforge-21.1.143.jar > neoforge-coremods-21.1.143.jar
[03abr.2025 12:07:19.979] [main/DEBUG] [net.neoforged.fml.loading.FMLServiceProvider/CORE]: Adding [Target[className=net.minecraft.world.level.levelgen.structure.Structure, elementName=, elementDescriptor=, targetType=cpw.mods.modlauncher.api.TargetType@604f2bd2]] transformer from core-mod net.neoforged.neoforge.coremods.NeoForgeCoreMod@3b7b05a8 in neoforge-21.1.143.jar > neoforge-coremods-21.1.143.jar
[03abr.2025 12:07:19.979] [main/DEBUG] [net.neoforged.fml.loading.FMLServiceProvider/CORE]: Adding [Target[className=net.minecraft.world.level.block.FlowerPotBlock, elementName=, elementDescriptor=, targetType=cpw.mods.modlauncher.api.TargetType@604f2bd2]] transformer from core-mod net.neoforged.neoforge.coremods.NeoForgeCoreMod@3b7b05a8 in neoforge-21.1.143.jar > neoforge-coremods-21.1.143.jar
[03abr.2025 12:07:19.979] [main/DEBUG] [net.neoforged.fml.loading.FMLServiceProvider/CORE]: Adding [Target[className=net/minecraft/world/entity/monster/ZombieVillager, elementName=, elementDescriptor=, targetType=cpw.mods.modlauncher.api.TargetType@604f2bd2], Target[className=net/minecraft/server/commands/RaidCommand, elementName=, elementDescriptor=, targetType=cpw.mods.modlauncher.api.TargetType@604f2bd2], Target[className=net/minecraft/world/level/levelgen/PatrolSpawner, elementName=, elementDescriptor=, targetType=cpw.mods.modlauncher.api.TargetType@604f2bd2], Target[className=net/minecraft/world/level/NaturalSpawner, elementName=, elementDescriptor=, targetType=cpw.mods.modlauncher.api.TargetType@604f2bd2], Target[className=net/minecraft/world/level/levelgen/structure/structures/OceanMonumentPieces$OceanMonumentPiece, elementName=, elementDescriptor=, targetType=cpw.mods.modlauncher.api.TargetType@604f2bd2], Target[className=net/minecraft/world/entity/animal/frog/Tadpole, elementName=, elementDescriptor=, targetType=cpw.mods.modlauncher.api.TargetType@604f2bd2], Target[className=net/minecraft/world/entity/monster/Spider, elementName=, elementDescriptor=, targetType=cpw.mods.modlauncher.api.TargetType@604f2bd2], Target[className=net/minecraft/world/entity/monster/Zombie, elementName=, elementDescriptor=, targetType=cpw.mods.modlauncher.api.TargetType@604f2bd2], Target[className=net/minecraft/world/entity/npc/Villager, elementName=, elementDescriptor=, targetType=cpw.mods.modlauncher.api.TargetType@604f2bd2], Target[className=net/minecraft/world/level/levelgen/structure/structures/OceanRuinPieces$OceanRuinPiece, elementName=, elementDescriptor=, targetType=cpw.mods.modlauncher.api.TargetType@604f2bd2], Target[className=net/minecraft/world/entity/raid/Raid, elementName=, elementDescriptor=, targetType=cpw.mods.modlauncher.api.TargetType@604f2bd2], Target[className=net/minecraft/world/level/levelgen/PhantomSpawner, elementName=, elementDescriptor=, targetType=cpw.mods.modlauncher.api.TargetType@604f2bd2], Target[className=net/minecraft/world/level/levelgen/structure/structures/SwampHutPiece, elementName=, elementDescriptor=, targetType=cpw.mods.modlauncher.api.TargetType@604f2bd2], Target[className=net/minecraft/world/level/levelgen/structure/structures/WoodlandMansionPieces$WoodlandMansionPiece, elementName=, elementDescriptor=, targetType=cpw.mods.modlauncher.api.TargetType@604f2bd2], Target[className=net/minecraft/server/commands/SummonCommand, elementName=, elementDescriptor=, targetType=cpw.mods.modlauncher.api.TargetType@604f2bd2], Target[className=net/minecraft/world/level/levelgen/structure/templatesystem/StructureTemplate, elementName=, elementDescriptor=, targetType=cpw.mods.modlauncher.api.TargetType@604f2bd2], Target[className=net/minecraft/world/entity/EntityType, elementName=, elementDescriptor=, targetType=cpw.mods.modlauncher.api.TargetType@604f2bd2], Target[className=net/minecraft/world/entity/animal/horse/SkeletonTrapGoal, elementName=, elementDescriptor=, targetType=cpw.mods.modlauncher.api.TargetType@604f2bd2], Target[className=net/minecraft/world/entity/npc/CatSpawner, elementName=, elementDescriptor=, targetType=cpw.mods.modlauncher.api.TargetType@604f2bd2], Target[className=net/minecraft/world/entity/ai/village/VillageSiege, elementName=, elementDescriptor=, targetType=cpw.mods.modlauncher.api.TargetType@604f2bd2], Target[className=net/minecraft/world/entity/monster/Evoker$EvokerSummonSpellGoal, elementName=, elementDescriptor=, targetType=cpw.mods.modlauncher.api.TargetType@604f2bd2], Target[className=net/minecraft/world/entity/monster/Strider, elementName=, elementDescriptor=, targetType=cpw.mods.modlauncher.api.TargetType@604f2bd2]] transformer from core-mod net.neoforged.neoforge.coremods.NeoForgeCoreMod@3b7b05a8 in neoforge-21.1.143.jar > neoforge-coremods-21.1.143.jar
[03abr.2025 12:07:19.983] [main/DEBUG] [cpw.mods.modlauncher.TransformStore/MODLAUNCHER]: Adding transformer net.neoforged.neoforge.coremods.ReplaceFieldWithGetterAccess@518cf84a to Target : cpw.mods.modlauncher.api.TargetType@604f2bd2 {Lnet/minecraft/world/level/biome/Biome;} {} {V}
[03abr.2025 12:07:19.985] [main/DEBUG] [cpw.mods.modlauncher.TransformStore/MODLAUNCHER]: Adding transformer net.neoforged.neoforge.coremods.ReplaceFieldWithGetterAccess@35835fa to Target : cpw.mods.modlauncher.api.TargetType@604f2bd2 {Lnet/minecraft/world/level/levelgen/structure/Structure;} {} {V}
[03abr.2025 12:07:19.985] [main/DEBUG] [cpw.mods.modlauncher.TransformStore/MODLAUNCHER]: Adding transformer net.neoforged.neoforge.coremods.ReplaceFieldWithGetterAccess@56f71edb to Target : cpw.mods.modlauncher.api.TargetType@604f2bd2 {Lnet/minecraft/world/level/block/FlowerPotBlock;} {} {V}
[03abr.2025 12:07:19.985] [main/DEBUG] [cpw.mods.modlauncher.TransformStore/MODLAUNCHER]: Adding transformer net.neoforged.neoforge.coremods.MethodRedirector@7207cb51 to Target : cpw.mods.modlauncher.api.TargetType@604f2bd2 {Lnet/minecraft/world/entity/monster/ZombieVillager;} {} {V}
[03abr.2025 12:07:19.985] [main/DEBUG] [cpw.mods.modlauncher.TransformStore/MODLAUNCHER]: Adding transformer net.neoforged.neoforge.coremods.MethodRedirector@7207cb51 to Target : cpw.mods.modlauncher.api.TargetType@604f2bd2 {Lnet/minecraft/server/commands/RaidCommand;} {} {V}
[03abr.2025 12:07:19.985] [main/DEBUG] [cpw.mods.modlauncher.TransformStore/MODLAUNCHER]: Adding transformer net.neoforged.neoforge.coremods.MethodRedirector@7207cb51 to Target : cpw.mods.modlauncher.api.TargetType@604f2bd2 {Lnet/minecraft/world/level/levelgen/PatrolSpawner;} {} {V}
[03abr.2025 12:07:19.986] [main/DEBUG] [cpw.mods.modlauncher.TransformStore/MODLAUNCHER]: Adding transformer net.neoforged.neoforge.coremods.MethodRedirector@7207cb51 to Target : cpw.mods.modlauncher.api.TargetType@604f2bd2 {Lnet/minecraft/world/level/NaturalSpawner;} {} {V}
[03abr.2025 12:07:19.986] [main/DEBUG] [cpw.mods.modlauncher.TransformStore/MODLAUNCHER]: Adding transformer net.neoforged.neoforge.coremods.MethodRedirector@7207cb51 to Target : cpw.mods.modlauncher.api.TargetType@604f2bd2 {Lnet/minecraft/world/level/levelgen/structure/structures/OceanMonumentPieces$OceanMonumentPiece;} {} {V}
[03abr.2025 12:07:19.986] [main/DEBUG] [cpw.mods.modlauncher.TransformStore/MODLAUNCHER]: Adding transformer net.neoforged.neoforge.coremods.MethodRedirector@7207cb51 to Target : cpw.mods.modlauncher.api.TargetType@604f2bd2 {Lnet/minecraft/world/entity/animal/frog/Tadpole;} {} {V}
[03abr.2025 12:07:19.986] [main/DEBUG] [cpw.mods.modlauncher.TransformStore/MODLAUNCHER]: Adding transformer net.neoforged.neoforge.coremods.MethodRedirector@7207cb51 to Target : cpw.mods.modlauncher.api.TargetType@604f2bd2 {Lnet/minecraft/world/entity/monster/Spider;} {} {V}
[03abr.2025 12:07:19.986] [main/DEBUG] [cpw.mods.modlauncher.TransformStore/MODLAUNCHER]: Adding transformer net.neoforged.neoforge.coremods.MethodRedirector@7207cb51 to Target : cpw.mods.modlauncher.api.TargetType@604f2bd2 {Lnet/minecraft/world/entity/monster/Zombie;} {} {V}
[03abr.2025 12:07:19.986] [main/DEBUG] [cpw.mods.modlauncher.TransformStore/MODLAUNCHER]: Adding transformer net.neoforged.neoforge.coremods.MethodRedirector@7207cb51 to Target : cpw.mods.modlauncher.api.TargetType@604f2bd2 {Lnet/minecraft/world/entity/npc/Villager;} {} {V}
[03abr.2025 12:07:19.986] [main/DEBUG] [cpw.mods.modlauncher.TransformStore/MODLAUNCHER]: Adding transformer net.neoforged.neoforge.coremods.MethodRedirector@7207cb51 to Target : cpw.mods.modlauncher.api.TargetType@604f2bd2 {Lnet/minecraft/world/level/levelgen/structure/structures/OceanRuinPieces$OceanRuinPiece;} {} {V}
[03abr.2025 12:07:19.986] [main/DEBUG] [cpw.mods.modlauncher.TransformStore/MODLAUNCHER]: Adding transformer net.neoforged.neoforge.coremods.MethodRedirector@7207cb51 to Target : cpw.mods.modlauncher.api.TargetType@604f2bd2 {Lnet/minecraft/world/entity/raid/Raid;} {} {V}
[03abr.2025 12:07:19.986] [main/DEBUG] [cpw.mods.modlauncher.TransformStore/MODLAUNCHER]: Adding transformer net.neoforged.neoforge.coremods.MethodRedirector@7207cb51 to Target : cpw.mods.modlauncher.api.TargetType@604f2bd2 {Lnet/minecraft/world/level/levelgen/PhantomSpawner;} {} {V}
[03abr.2025 12:07:19.986] [main/DEBUG] [cpw.mods.modlauncher.TransformStore/MODLAUNCHER]: Adding transformer net.neoforged.neoforge.coremods.MethodRedirector@7207cb51 to Target : cpw.mods.modlauncher.api.TargetType@604f2bd2 {Lnet/minecraft/world/level/levelgen/structure/structures/SwampHutPiece;} {} {V}
[03abr.2025 12:07:19.986] [main/DEBUG] [cpw.mods.modlauncher.TransformStore/MODLAUNCHER]: Adding transformer net.neoforged.neoforge.coremods.MethodRedirector@7207cb51 to Target : cpw.mods.modlauncher.api.TargetType@604f2bd2 {Lnet/minecraft/world/level/levelgen/structure/structures/WoodlandMansionPieces$WoodlandMansionPiece;} {} {V}
[03abr.2025 12:07:19.986] [main/DEBUG] [cpw.mods.modlauncher.TransformStore/MODLAUNCHER]: Adding transformer net.neoforged.neoforge.coremods.MethodRedirector@7207cb51 to Target : cpw.mods.modlauncher.api.TargetType@604f2bd2 {Lnet/minecraft/server/commands/SummonCommand;} {} {V}
[03abr.2025 12:07:19.986] [main/DEBUG] [cpw.mods.modlauncher.TransformStore/MODLAUNCHER]: Adding transformer net.neoforged.neoforge.coremods.MethodRedirector@7207cb51 to Target : cpw.mods.modlauncher.api.TargetType@604f2bd2 {Lnet/minecraft/world/level/levelgen/structure/templatesystem/StructureTemplate;} {} {V}
[03abr.2025 12:07:19.987] [main/DEBUG] [cpw.mods.modlauncher.TransformStore/MODLAUNCHER]: Adding transformer net.neoforged.neoforge.coremods.MethodRedirector@7207cb51 to Target : cpw.mods.modlauncher.api.TargetType@604f2bd2 {Lnet/minecraft/world/entity/EntityType;} {} {V}
[03abr.2025 12:07:19.987] [main/DEBUG] [cpw.mods.modlauncher.TransformStore/MODLAUNCHER]: Adding transformer net.neoforged.neoforge.coremods.MethodRedirector@7207cb51 to Target : cpw.mods.modlauncher.api.TargetType@604f2bd2 {Lnet/minecraft/world/entity/animal/horse/SkeletonTrapGoal;} {} {V}
[03abr.2025 12:07:19.987] [main/DEBUG] [cpw.mods.modlauncher.TransformStore/MODLAUNCHER]: Adding transformer net.neoforged.neoforge.coremods.MethodRedirector@7207cb51 to Target : cpw.mods.modlauncher.api.TargetType@604f2bd2 {Lnet/minecraft/world/entity/npc/CatSpawner;} {} {V}
[03abr.2025 12:07:19.987] [main/DEBUG] [cpw.mods.modlauncher.TransformStore/MODLAUNCHER]: Adding transformer net.neoforged.neoforge.coremods.MethodRedirector@7207cb51 to Target : cpw.mods.modlauncher.api.TargetType@604f2bd2 {Lnet/minecraft/world/entity/ai/village/VillageSiege;} {} {V}
[03abr.2025 12:07:19.987] [main/DEBUG] [cpw.mods.modlauncher.TransformStore/MODLAUNCHER]: Adding transformer net.neoforged.neoforge.coremods.MethodRedirector@7207cb51 to Target : cpw.mods.modlauncher.api.TargetType@604f2bd2 {Lnet/minecraft/world/entity/monster/Evoker$EvokerSummonSpellGoal;} {} {V}
[03abr.2025 12:07:19.987] [main/DEBUG] [cpw.mods.modlauncher.TransformStore/MODLAUNCHER]: Adding transformer net.neoforged.neoforge.coremods.MethodRedirector@7207cb51 to Target : cpw.mods.modlauncher.api.TargetType@604f2bd2 {Lnet/minecraft/world/entity/monster/Strider;} {} {V}
[03abr.2025 12:07:19.988] [main/DEBUG] [cpw.mods.modlauncher.TransformationServiceDecorator/MODLAUNCHER]: Initialized transformers for transformation service fml
[03abr.2025 12:07:20.098] [main/DEBUG] [mixin/]: Processing prepare() for PlatformAgent[MixinPlatformAgentDefault:ModLauncher Root Container(ModLauncher:4f56a0a2)]
[03abr.2025 12:07:20.098] [main/DEBUG] [mixin/]: Processing prepare() for PlatformAgent[MixinPlatformAgentDefault:net.neoforged.fml.loading.mixin.FMLMixinContainerHandle@cb0f763]
[03abr.2025 12:07:20.098] [main/DEBUG] [mixin/]: Processing prepare() for PlatformAgent[FMLMixinPlatformAgent:null]
[03abr.2025 12:07:20.155] [main/DEBUG] [mixin/]: Processing launch tasks for PlatformAgent[MixinPlatformAgentDefault:ModLauncher Root Container(ModLauncher:4f56a0a2)]
[03abr.2025 12:07:20.155] [main/DEBUG] [mixin/]: Adding mixin platform agents for container SecureJarResource(mixin_synthetic)
[03abr.2025 12:07:20.155] [main/DEBUG] [mixin/]: Instancing new MixinPlatformAgentMinecraftForge for SecureJarResource(mixin_synthetic)
[03abr.2025 12:07:20.156] [main/DEBUG] [mixin/]: MixinPlatformAgentMinecraftForge rejected container SecureJarResource(mixin_synthetic)
[03abr.2025 12:07:20.156] [main/DEBUG] [mixin/]: Instancing new MixinPlatformAgentDefault for SecureJarResource(mixin_synthetic)
[03abr.2025 12:07:20.156] [main/DEBUG] [mixin/]: MixinPlatformAgentDefault accepted container SecureJarResource(mixin_synthetic)
[03abr.2025 12:07:20.156] [main/DEBUG] [mixin/]: Instancing new FMLMixinPlatformAgent for SecureJarResource(mixin_synthetic)
[03abr.2025 12:07:20.156] [main/DEBUG] [mixin/]: FMLMixinPlatformAgent rejected container SecureJarResource(mixin_synthetic)
[03abr.2025 12:07:20.156] [main/DEBUG] [mixin/]: Processing prepare() for PlatformAgent[MixinPlatformAgentDefault:SecureJarResource(mixin_synthetic)]
[03abr.2025 12:07:20.156] [main/DEBUG] [mixin/]: Adding mixin platform agents for container SecureJarResource(minecraft)
[03abr.2025 12:07:20.156] [main/DEBUG] [mixin/]: Instancing new MixinPlatformAgentMinecraftForge for SecureJarResource(minecraft)
[03abr.2025 12:07:20.156] [main/DEBUG] [mixin/]: MixinPlatformAgentMinecraftForge rejected container SecureJarResource(minecraft)
[03abr.2025 12:07:20.156] [main/DEBUG] [mixin/]: Instancing new MixinPlatformAgentDefault for SecureJarResource(minecraft)
[03abr.2025 12:07:20.156] [main/DEBUG] [mixin/]: MixinPlatformAgentDefault accepted container SecureJarResource(minecraft)
[03abr.2025 12:07:20.157] [main/DEBUG] [mixin/]: Instancing new FMLMixinPlatformAgent for SecureJarResource(minecraft)
[03abr.2025 12:07:20.157] [main/DEBUG] [mixin/]: FMLMixinPlatformAgent rejected container SecureJarResource(minecraft)
[03abr.2025 12:07:20.158] [main/DEBUG] [mixin/]: Processing prepare() for PlatformAgent[MixinPlatformAgentDefault:SecureJarResource(minecraft)]
[03abr.2025 12:07:20.158] [main/DEBUG] [mixin/]: Adding mixin platform agents for container SecureJarResource(mixinextras.neoforge)
[03abr.2025 12:07:20.158] [main/DEBUG] [mixin/]: Instancing new MixinPlatformAgentMinecraftForge for SecureJarResource(mixinextras.neoforge)
[03abr.2025 12:07:20.158] [main/DEBUG] [mixin/]: MixinPlatformAgentMinecraftForge rejected container SecureJarResource(mixinextras.neoforge)
[03abr.2025 12:07:20.158] [main/DEBUG] [mixin/]: Instancing new MixinPlatformAgentDefault for SecureJarResource(mixinextras.neoforge)
[03abr.2025 12:07:20.158] [main/DEBUG] [mixin/]: MixinPlatformAgentDefault accepted container SecureJarResource(mixinextras.neoforge)
[03abr.2025 12:07:20.158] [main/DEBUG] [mixin/]: Instancing new FMLMixinPlatformAgent for SecureJarResource(mixinextras.neoforge)
[03abr.2025 12:07:20.158] [main/DEBUG] [mixin/]: FMLMixinPlatformAgent rejected container SecureJarResource(mixinextras.neoforge)
[03abr.2025 12:07:20.158] [main/DEBUG] [mixin/]: Processing prepare() for PlatformAgent[MixinPlatformAgentDefault:SecureJarResource(mixinextras.neoforge)]
[03abr.2025 12:07:20.159] [main/DEBUG] [mixin/]: Registering mixin config: mixinextras.init.mixins.json source=SecureJarResource(mixinextras.neoforge)
[03abr.2025 12:07:20.160] [main/DEBUG] [mixin/]: inject() running with 5 agents
[03abr.2025 12:07:20.160] [main/DEBUG] [mixin/]: Processing inject() for PlatformAgent[MixinPlatformAgentDefault:ModLauncher Root Container(ModLauncher:4f56a0a2)]
[03abr.2025 12:07:20.160] [main/DEBUG] [mixin/]: Processing inject() for PlatformAgent[MixinPlatformAgentDefault:net.neoforged.fml.loading.mixin.FMLMixinContainerHandle@cb0f763]
[03abr.2025 12:07:20.160] [main/DEBUG] [mixin/]: Processing inject() for PlatformAgent[FMLMixinPlatformAgent:null]
[03abr.2025 12:07:20.161] [main/DEBUG] [mixin/]: Processing inject() for PlatformAgent[MixinPlatformAgentDefault:SecureJarResource(mixin_synthetic)]
[03abr.2025 12:07:20.161] [main/DEBUG] [mixin/]: Processing inject() for PlatformAgent[MixinPlatformAgentDefault:SecureJarResource(minecraft)]
[03abr.2025 12:07:20.161] [main/DEBUG] [mixin/]: Processing inject() for PlatformAgent[MixinPlatformAgentDefault:SecureJarResource(mixinextras.neoforge)]
[03abr.2025 12:07:20.161] [main/INFO] [cpw.mods.modlauncher.LaunchServiceHandler/MODLAUNCHER]: Launching target 'forgeclientuserdev' with arguments [--version, 21.1.143, --gameDir, ., --assetsDir, C:\Users\klz02\.gradle\caches\minecraft\assets, --assetIndex, asset-index]
[03abr.2025 12:07:20.243] [main/DEBUG] [mixin/]: Preparing mixins for MixinEnvironment[DEFAULT]
[03abr.2025 12:07:20.244] [main/DEBUG] [mixin/]: Selecting config neoforge.mixins.json
[03abr.2025 12:07:20.249] [main/DEBUG] [mixin/]: Selecting config mixinextras.init.mixins.json
[03abr.2025 12:07:20.290] [main/DEBUG] [MixinExtras|Service/]: com.llamalad7.mixinextras.service.MixinExtrasServiceImpl(version=0.4.1) is taking over from null
[03abr.2025 12:07:20.327] [main/DEBUG] [mixin/]: Registering new injector for @Inject with org.spongepowered.asm.mixin.injection.struct.CallbackInjectionInfo
[03abr.2025 12:07:20.329] [main/DEBUG] [mixin/]: Registering new injector for @ModifyArg with org.spongepowered.asm.mixin.injection.struct.ModifyArgInjectionInfo
[03abr.2025 12:07:20.330] [main/DEBUG] [mixin/]: Registering new injector for @ModifyArgs with org.spongepowered.asm.mixin.injection.struct.ModifyArgsInjectionInfo
[03abr.2025 12:07:20.331] [main/DEBUG] [mixin/]: Registering new injector for @Redirect with org.spongepowered.asm.mixin.injection.struct.RedirectInjectionInfo
[03abr.2025 12:07:20.333] [main/DEBUG] [mixin/]: Registering new injector for @ModifyVariable with org.spongepowered.asm.mixin.injection.struct.ModifyVariableInjectionInfo
[03abr.2025 12:07:20.334] [main/DEBUG] [mixin/]: Registering new injector for @ModifyConstant with org.spongepowered.asm.mixin.injection.struct.ModifyConstantInjectionInfo
[03abr.2025 12:07:20.349] [main/DEBUG] [mixin/]: Preparing neoforge.mixins.json (2)
[03abr.2025 12:07:20.379] [main/DEBUG] [net.neoforged.accesstransformer.AccessTransformer/AXFORM]: Transforming net.minecraft.world.level.block.entity.BlockEntityType INNERCLASS BlockEntitySupplier to access PUBLIC and LEAVE
[03abr.2025 12:07:20.410] [main/TRACE] [mixin/]: Added class metadata for net/minecraft/world/level/block/entity/BlockEntityType to metadata cache
[03abr.2025 12:07:20.419] [main/TRACE] [mixin/]: Added class metadata for net/minecraft/core/MappedRegistry to metadata cache
[03abr.2025 12:07:20.420] [main/DEBUG] [mixin/]: Preparing mixinextras.init.mixins.json (0)
[03abr.2025 12:07:20.430] [main/DEBUG] [net.neoforged.fml.common.asm.RuntimeDistCleaner/DISTXFORM]: Removing Class Annotation: net/minecraft/client/gui/screens/LoadingOverlay @Lnet/neoforged/api/distmarker/OnlyIn;
[03abr.2025 12:07:20.433] [main/DEBUG] [net.neoforged.fml.common.asm.RuntimeDistCleaner/DISTXFORM]: Removing Class Annotation: net/minecraft/client/gui/screens/Overlay @Lnet/neoforged/api/distmarker/OnlyIn;
[03abr.2025 12:07:20.434] [main/DEBUG] [net.neoforged.fml.common.asm.RuntimeDistCleaner/DISTXFORM]: Removing Class Annotation: net/minecraft/client/gui/components/Renderable @Lnet/neoforged/api/distmarker/OnlyIn;
[03abr.2025 12:07:20.435] [main/DEBUG] [net.neoforged.fml.common.asm.RuntimeDistCleaner/DISTXFORM]: Removing Class Annotation: net/minecraft/client/renderer/texture/AbstractTexture @Lnet/neoforged/api/distmarker/OnlyIn;
[03abr.2025 12:07:20.437] [main/DEBUG] [net.neoforged.fml.common.asm.RuntimeDistCleaner/DISTXFORM]: Removing Class Annotation: net/minecraft/client/gui/screens/LoadingOverlay$LogoTexture @Lnet/neoforged/api/distmarker/OnlyIn;
[03abr.2025 12:07:20.439] [main/DEBUG] [net.neoforged.fml.common.asm.RuntimeDistCleaner/DISTXFORM]: Removing Class Annotation: net/minecraft/client/renderer/texture/SimpleTexture @Lnet/neoforged/api/distmarker/OnlyIn;
[03abr.2025 12:07:20.441] [main/DEBUG] [net.neoforged.fml.common.asm.RuntimeDistCleaner/DISTXFORM]: Removing Class Annotation: com/mojang/blaze3d/vertex/VertexConsumer @Lnet/neoforged/api/distmarker/OnlyIn;
[03abr.2025 12:07:20.446] [main/DEBUG] [net.neoforged.fml.common.asm.RuntimeDistCleaner/DISTXFORM]: Removing Class Annotation: net/minecraft/client/gui/GuiGraphics @Lnet/neoforged/api/distmarker/OnlyIn;
[03abr.2025 12:07:20.459] [main/DEBUG] [net.neoforged.fml.common.asm.RuntimeDistCleaner/DISTXFORM]: Removing Class Annotation: net/minecraft/client/Minecraft @Lnet/neoforged/api/distmarker/OnlyIn;
[03abr.2025 12:07:20.477] [main/DEBUG] [net.neoforged.fml.common.asm.RuntimeDistCleaner/DISTXFORM]: Removing Class Annotation: com/mojang/blaze3d/platform/WindowEventHandler @Lnet/neoforged/api/distmarker/OnlyIn;
[03abr.2025 12:07:20.482] [main/DEBUG] [net.neoforged.accesstransformer.AccessTransformer/AXFORM]: Transforming net.minecraft.util.thread.BlockableEventLoop METHOD submitAsync(Ljava/lang/Runnable;)Ljava/util/concurrent/CompletableFuture; to access PUBLIC and LEAVE
[03abr.2025 12:07:20.778] [main/DEBUG] [io.netty.util.internal.logging.InternalLoggerFactory/]: Using SLF4J as the default logging framework
[03abr.2025 12:07:20.783] [main/DEBUG] [io.netty.util.ResourceLeakDetector/]: -Dio.netty.leakDetection.level: simple
[03abr.2025 12:07:20.783] [main/DEBUG] [io.netty.util.ResourceLeakDetector/]: -Dio.netty.leakDetection.targetRecords: 4
[03abr.2025 12:07:21.670] [main/DEBUG] [oshi.util.FileUtil/]: No oshi.properties file found from ClassLoader cpw.mods.modlauncher.TransformingClassLoader@37c2eacb
[03abr.2025 12:07:22.067] [Datafixer Bootstrap/INFO] [com.mojang.datafixers.DataFixerBuilder/]: 229 Datafixer optimizations took 427 milliseconds
[03abr.2025 12:07:22.146] [main/DEBUG] [oshi.util.FileUtil/]: No oshi.architecture.properties file found from ClassLoader cpw.mods.modlauncher.TransformingClassLoader@37c2eacb
[03abr.2025 12:07:22.237] [pool-6-thread-1/INFO] [MixinExtras|Service/]: Initializing MixinExtras via com.llamalad7.mixinextras.service.MixinExtrasServiceImpl(version=0.4.1).
[03abr.2025 12:07:22.239] [pool-6-thread-1/DEBUG] [mixin/]: Registering new injector for @SugarWrapper with com.llamalad7.mixinextras.sugar.impl.SugarWrapperInjectionInfo
[03abr.2025 12:07:22.239] [pool-6-thread-1/DEBUG] [mixin/]: Registering new injector for @FactoryRedirectWrapper with com.llamalad7.mixinextras.wrapper.factory.FactoryRedirectWrapperInjectionInfo
[03abr.2025 12:07:22.244] [pool-6-thread-1/DEBUG] [mixin/]: Mixing MappedRegistryAccessor from neoforge.mixins.json into net.minecraft.core.MappedRegistry
[03abr.2025 12:07:22.247] [pool-6-thread-1/DEBUG] [mixin/]: neoforge.mixins.json:MappedRegistryAccessor from mod neoforge: Class version 65 required is higher than the class version supported by the current version of Mixin (JAVA_16 supports class version 60)
[03abr.2025 12:07:23.002] [pool-6-thread-1/DEBUG] [mixin/]: Mixing BlockEntityTypeAccessor from neoforge.mixins.json into net.minecraft.world.level.block.entity.BlockEntityType
[03abr.2025 12:07:23.002] [pool-6-thread-1/DEBUG] [mixin/]: neoforge.mixins.json:BlockEntityTypeAccessor from mod neoforge: Class version 65 required is higher than the class version supported by the current version of Mixin (JAVA_16 supports class version 60)
[03abr.2025 12:07:24.172] [pool-6-thread-1/DEBUG] [io.netty.util.internal.PlatformDependent0/]: -Dio.netty.noUnsafe: false
[03abr.2025 12:07:24.172] [pool-6-thread-1/DEBUG] [io.netty.util.internal.PlatformDependent0/]: Java version: 21
[03abr.2025 12:07:24.173] [pool-6-thread-1/DEBUG] [io.netty.util.internal.PlatformDependent0/]: sun.misc.Unsafe.theUnsafe: available
[03abr.2025 12:07:24.173] [pool-6-thread-1/DEBUG] [io.netty.util.internal.PlatformDependent0/]: sun.misc.Unsafe.copyMemory: available
[03abr.2025 12:07:24.175] [pool-6-thread-1/DEBUG] [io.netty.util.internal.PlatformDependent0/]: sun.misc.Unsafe.storeFence: available
[03abr.2025 12:07:24.175] [pool-6-thread-1/DEBUG] [io.netty.util.internal.PlatformDependent0/]: java.nio.Buffer.address: available
[03abr.2025 12:07:24.176] [pool-6-thread-1/DEBUG] [io.netty.util.internal.PlatformDependent0/]: java.nio.Bits.unaligned: available, true
[03abr.2025 12:07:24.178] [pool-6-thread-1/DEBUG] [io.netty.util.internal.PlatformDependent0/]: java.nio.DirectByteBuffer.<init>(long, {int,long}): unavailable
[03abr.2025 12:07:24.178] [pool-6-thread-1/DEBUG] [io.netty.util.internal.PlatformDependent/]: sun.misc.Unsafe: available
[03abr.2025 12:07:24.180] [pool-6-thread-1/DEBUG] [io.netty.util.internal.PlatformDependent/]: maxDirectMemory: 4257218560 bytes (maybe)
[03abr.2025 12:07:24.180] [pool-6-thread-1/DEBUG] [io.netty.util.internal.PlatformDependent/]: -Dio.netty.tmpdir: C:\Users\klz02\AppData\Local\Temp (java.io.tmpdir)
[03abr.2025 12:07:24.181] [pool-6-thread-1/DEBUG] [io.netty.util.internal.PlatformDependent/]: -Dio.netty.bitMode: 64 (sun.arch.data.model)
[03abr.2025 12:07:24.181] [pool-6-thread-1/DEBUG] [io.netty.util.internal.PlatformDependent/]: Platform: Windows
[03abr.2025 12:07:24.182] [pool-6-thread-1/DEBUG] [io.netty.util.internal.PlatformDependent/]: -Dio.netty.maxDirectMemory: -1 bytes
[03abr.2025 12:07:24.182] [pool-6-thread-1/DEBUG] [io.netty.util.internal.PlatformDependent/]: -Dio.netty.uninitializedArrayAllocationThreshold: -1
[03abr.2025 12:07:24.184] [pool-6-thread-1/DEBUG] [io.netty.util.internal.CleanerJava9/]: java.nio.ByteBuffer.cleaner(): available
[03abr.2025 12:07:24.184] [pool-6-thread-1/DEBUG] [io.netty.util.internal.PlatformDependent/]: -Dio.netty.noPreferDirect: false
[03abr.2025 12:07:25.892] [pool-6-thread-1/DEBUG] [net.neoforged.neoforge.registries.GameData/REGISTRIES]: Creating vanilla freeze snapshot
[03abr.2025 12:07:25.914] [pool-6-thread-1/DEBUG] [net.neoforged.neoforge.registries.GameData/REGISTRIES]: Vanilla freeze snapshot created
[03abr.2025 12:07:26.454] [main/WARN] [net.minecraft.commands.Commands/]: Ambiguity between arguments [teleport, location] and [teleport, destination] with inputs: [0.1 -0.5 .9, 0 0 0]
[03abr.2025 12:07:26.455] [main/WARN] [net.minecraft.commands.Commands/]: Ambiguity between arguments [teleport, location] and [teleport, targets] with inputs: [0.1 -0.5 .9, 0 0 0]
[03abr.2025 12:07:26.458] [main/WARN] [net.minecraft.commands.Commands/]: Ambiguity between arguments [teleport, destination] and [teleport, targets] with inputs: [Player, 0123, @e, dd12be42-52a9-4a91-a8a1-11c01849e498]
[03abr.2025 12:07:26.459] [main/WARN] [net.minecraft.commands.Commands/]: Ambiguity between arguments [teleport, targets] and [teleport, destination] with inputs: [Player, 0123, dd12be42-52a9-4a91-a8a1-11c01849e498]
[03abr.2025 12:07:26.460] [main/WARN] [net.minecraft.commands.Commands/]: Ambiguity between arguments [teleport, targets, location] and [teleport, targets, destination] with inputs: [0.1 -0.5 .9, 0 0 0]
[03abr.2025 12:07:26.577] [Render thread/WARN] [net.minecraft.server.packs.VanillaPackResourcesBuilder/]: Assets URL 'union:/C:/Users/klz02/Desktop/modded_gateways/.gradle/repositories/ng_dummy_ng/net/neoforged/neoforge/21.1.143/neoforge-21.1.143.jar%23189!/assets/.mcassetsroot' uses unexpected schema
[03abr.2025 12:07:26.578] [Render thread/WARN] [net.minecraft.server.packs.VanillaPackResourcesBuilder/]: Assets URL 'union:/C:/Users/klz02/Desktop/modded_gateways/.gradle/repositories/ng_dummy_ng/net/neoforged/neoforge/21.1.143/neoforge-21.1.143.jar%23189!/data/.mcassetsroot' uses unexpected schema
[03abr.2025 12:07:26.602] [Render thread/INFO] [com.mojang.authlib.yggdrasil.YggdrasilAuthenticationService/]: Environment: Environment[sessionHost=https://sessionserver.mojang.com, servicesHost=https://api.minecraftservices.com, name=PROD]
[03abr.2025 12:07:26.612] [Render thread/INFO] [net.minecraft.client.Minecraft/]: Setting user: Dev
[03abr.2025 12:07:26.699] [Render thread/INFO] [net.minecraft.client.Minecraft/]: Backend library: LWJGL version 3.3.3+5
[03abr.2025 12:07:26.849] [Render thread/DEBUG] [net.neoforged.fml.ModWorkManager/LOADING]: Using 12 threads for parallel mod-loading
[03abr.2025 12:07:26.866] [Render thread/FATAL] [net.neoforged.fml.ModLoader/CORE]: Error during pre-loading phase: Mod modded_gateways requires sgjourney 0.6 or above
Currently, sgjourney is not installed

[03abr.2025 12:07:27.076] [Render thread/ERROR] [net.neoforged.fml.ModLoader/]: Cowardly refusing to send event net.neoforged.neoforge.client.event.sound.SoundEngineLoadEvent to a broken mod state
[03abr.2025 12:07:27.152] [Render thread/ERROR] [net.neoforged.fml.ModLoader/]: Cowardly refusing to send event net.neoforged.neoforge.client.event.RegisterColorHandlersEvent$Block to a broken mod state
[03abr.2025 12:07:27.153] [Render thread/ERROR] [net.neoforged.fml.ModLoader/]: Cowardly refusing to send event net.neoforged.neoforge.client.event.RegisterColorHandlersEvent$Item to a broken mod state
[03abr.2025 12:07:27.162] [Render thread/ERROR] [net.neoforged.fml.ModLoader/]: Cowardly refusing to send event net.neoforged.neoforge.client.event.RegisterMaterialAtlasesEvent to a broken mod state
[03abr.2025 12:07:27.185] [Render thread/ERROR] [net.neoforged.fml.ModLoader/]: Cowardly refusing to send event net.neoforged.neoforge.client.event.RegisterRenderBuffersEvent to a broken mod state
[03abr.2025 12:07:27.238] [Render thread/ERROR] [net.neoforged.fml.ModLoader/]: Cowardly refusing to send event net.neoforged.neoforge.client.event.RegisterParticleProvidersEvent to a broken mod state
[03abr.2025 12:07:27.265] [Render thread/ERROR] [net.neoforged.fml.ModLoader/]: Cowardly refusing to send event net.neoforged.neoforge.client.event.RenderLevelStageEvent$RegisterStageEvent to a broken mod state
[03abr.2025 12:07:27.310] [Render thread/ERROR] [net.neoforged.fml.ModLoader/]: Cowardly refusing to send event net.neoforged.neoforge.client.extensions.common.RegisterClientExtensionsEvent to a broken mod state
[03abr.2025 12:07:27.310] [Render thread/ERROR] [net.neoforged.fml.ModLoader/]: Cowardly refusing to send event net.neoforged.neoforge.client.event.RegisterSpriteSourceTypesEvent to a broken mod state
[03abr.2025 12:07:27.329] [Render thread/ERROR] [net.neoforged.fml.ModLoader/]: Cowardly refusing to send event net.neoforged.neoforge.client.event.RegisterMenuScreensEvent to a broken mod state
[03abr.2025 12:07:27.329] [Render thread/ERROR] [net.neoforged.fml.ModLoader/]: Cowardly refusing to send event net.neoforged.neoforge.client.event.RegisterClientReloadListenersEvent to a broken mod state
[03abr.2025 12:07:27.329] [Render thread/ERROR] [net.neoforged.fml.ModLoader/]: Cowardly refusing to send event net.neoforged.neoforge.client.event.EntityRenderersEvent$RegisterLayerDefinitions to a broken mod state
[03abr.2025 12:07:27.330] [Render thread/ERROR] [net.neoforged.fml.ModLoader/]: Cowardly refusing to send event net.neoforged.neoforge.client.event.EntityRenderersEvent$RegisterRenderers to a broken mod state
[03abr.2025 12:07:27.330] [Render thread/ERROR] [net.neoforged.fml.ModLoader/]: Cowardly refusing to send event net.neoforged.neoforge.client.event.RegisterClientTooltipComponentFactoriesEvent to a broken mod state
[03abr.2025 12:07:27.330] [Render thread/ERROR] [net.neoforged.fml.ModLoader/]: Cowardly refusing to send event net.neoforged.neoforge.client.event.RegisterEntitySpectatorShadersEvent to a broken mod state
[03abr.2025 12:07:27.330] [Render thread/ERROR] [net.neoforged.fml.ModLoader/]: Cowardly refusing to send event net.neoforged.neoforge.client.event.RegisterKeyMappingsEvent to a broken mod state
[03abr.2025 12:07:27.332] [Render thread/ERROR] [net.neoforged.fml.ModLoader/]: Cowardly refusing to send event net.neoforged.neoforge.client.event.RegisterRecipeBookCategoriesEvent to a broken mod state
[03abr.2025 12:07:27.333] [Render thread/ERROR] [net.neoforged.fml.ModLoader/]: Cowardly refusing to send event net.neoforged.neoforge.client.event.RegisterGuiLayersEvent to a broken mod state
[03abr.2025 12:07:27.335] [Render thread/ERROR] [net.neoforged.fml.ModLoader/]: Cowardly refusing to send event net.neoforged.neoforge.client.event.RegisterDimensionSpecialEffectsEvent to a broken mod state
[03abr.2025 12:07:27.336] [Render thread/ERROR] [net.neoforged.fml.ModLoader/]: Cowardly refusing to send event net.neoforged.neoforge.client.event.RegisterNamedRenderTypesEvent to a broken mod state
[03abr.2025 12:07:27.336] [Render thread/ERROR] [net.neoforged.fml.ModLoader/]: Cowardly refusing to send event net.neoforged.neoforge.client.event.RegisterColorHandlersEvent$ColorResolvers to a broken mod state
[03abr.2025 12:07:27.337] [Render thread/ERROR] [net.neoforged.fml.ModLoader/]: Cowardly refusing to send event net.neoforged.neoforge.client.event.RegisterItemDecorationsEvent to a broken mod state
[03abr.2025 12:07:27.342] [Render thread/ERROR] [net.neoforged.fml.ModLoader/]: Cowardly refusing to send event net.neoforged.neoforge.client.event.RegisterPresetEditorsEvent to a broken mod state
[03abr.2025 12:07:27.342] [Render thread/ERROR] [net.neoforged.fml.ModLoader/]: Cowardly refusing to send event net.neoforged.neoforge.client.gui.map.RegisterMapDecorationRenderersEvent to a broken mod state
[03abr.2025 12:07:27.343] [Render thread/ERROR] [net.neoforged.fml.ModLoader/]: Cowardly refusing to send event net.neoforged.neoforge.client.event.RegisterDimensionTransitionScreenEvent to a broken mod state
[03abr.2025 12:07:27.352] [Render thread/ERROR] [net.neoforged.fml.ModLoader/]: Cowardly refusing to send event net.neoforged.neoforge.client.event.RegisterJsonAnimationTypesEvent to a broken mod state
[03abr.2025 12:07:27.504] [Render thread/INFO] [net.minecraft.server.packs.resources.ReloadableResourceManager/]: Reloading ResourceManager: vanilla
[03abr.2025 12:07:27.540] [Render thread/ERROR] [net.neoforged.fml.ModLoader/]: Cowardly refusing to send event net.neoforged.neoforge.client.event.ModelEvent$RegisterGeometryLoaders to a broken mod state
[03abr.2025 12:07:27.610] [Worker-Main-6/INFO] [net.minecraft.client.gui.font.providers.UnihexProvider/]: Found unifont_all_no_pua-15.1.05.hex, loading
[03abr.2025 12:07:27.711] [Worker-Main-1/INFO] [net.minecraft.client.gui.font.providers.UnihexProvider/]: Found unifont_jp_patch-15.1.05.hex, loading
[03abr.2025 12:07:28.236] [Worker-Main-8/ERROR] [net.neoforged.fml.ModLoader/]: Cowardly refusing to send event net.neoforged.neoforge.client.event.ModelEvent$RegisterAdditional to a broken mod state
[03abr.2025 12:07:28.649] [Worker-Main-8/ERROR] [net.neoforged.fml.ModLoader/]: Cowardly refusing to send event net.neoforged.neoforge.client.event.ModelEvent$ModifyBakingResult to a broken mod state
[03abr.2025 12:07:28.739] [Render thread/WARN] [net.minecraft.client.sounds.SoundEngine/]: Missing sound for event: minecraft:item.goat_horn.play
[03abr.2025 12:07:28.740] [Render thread/WARN] [net.minecraft.client.sounds.SoundEngine/]: Missing sound for event: minecraft:entity.goat.screaming.horn_break
[03abr.2025 12:07:28.805] [Render thread/INFO] [com.mojang.blaze3d.audio.Library/]: OpenAL initialized on device OpenAL Soft on Alto-falantes (Realtek(R) Audio)
[03abr.2025 12:07:28.806] [Render thread/INFO] [net.minecraft.client.sounds.SoundEngine/SOUNDS]: Sound engine started
[03abr.2025 12:07:28.806] [Render thread/ERROR] [net.neoforged.fml.ModLoader/]: Cowardly refusing to send event net.neoforged.neoforge.client.event.sound.SoundEngineLoadEvent to a broken mod state
[03abr.2025 12:07:28.916] [Render thread/INFO] [net.minecraft.client.renderer.texture.TextureAtlas/]: Created: 1024x512x4 minecraft:textures/atlas/blocks.png-atlas
[03abr.2025 12:07:28.922] [Render thread/ERROR] [net.neoforged.fml.ModLoader/]: Cowardly refusing to send event net.neoforged.neoforge.client.event.TextureAtlasStitchedEvent to a broken mod state
[03abr.2025 12:07:28.922] [Render thread/INFO] [net.minecraft.client.renderer.texture.TextureAtlas/]: Created: 256x256x4 minecraft:textures/atlas/signs.png-atlas
[03abr.2025 12:07:28.922] [Render thread/ERROR] [net.neoforged.fml.ModLoader/]: Cowardly refusing to send event net.neoforged.neoforge.client.event.TextureAtlasStitchedEvent to a broken mod state
[03abr.2025 12:07:28.922] [Render thread/INFO] [net.minecraft.client.renderer.texture.TextureAtlas/]: Created: 512x512x4 minecraft:textures/atlas/shield_patterns.png-atlas
[03abr.2025 12:07:28.922] [Render thread/ERROR] [net.neoforged.fml.ModLoader/]: Cowardly refusing to send event net.neoforged.neoforge.client.event.TextureAtlasStitchedEvent to a broken mod state
[03abr.2025 12:07:28.922] [Render thread/INFO] [net.minecraft.client.renderer.texture.TextureAtlas/]: Created: 512x512x4 minecraft:textures/atlas/banner_patterns.png-atlas
[03abr.2025 12:07:28.924] [Render thread/ERROR] [net.neoforged.fml.ModLoader/]: Cowardly refusing to send event net.neoforged.neoforge.client.event.TextureAtlasStitchedEvent to a broken mod state
[03abr.2025 12:07:28.924] [Render thread/INFO] [net.minecraft.client.renderer.texture.TextureAtlas/]: Created: 1024x1024x4 minecraft:textures/atlas/armor_trims.png-atlas
[03abr.2025 12:07:28.925] [Render thread/ERROR] [net.neoforged.fml.ModLoader/]: Cowardly refusing to send event net.neoforged.neoforge.client.event.TextureAtlasStitchedEvent to a broken mod state
[03abr.2025 12:07:28.925] [Render thread/INFO] [net.minecraft.client.renderer.texture.TextureAtlas/]: Created: 128x64x4 minecraft:textures/atlas/decorated_pot.png-atlas
[03abr.2025 12:07:28.925] [Render thread/ERROR] [net.neoforged.fml.ModLoader/]: Cowardly refusing to send event net.neoforged.neoforge.client.event.TextureAtlasStitchedEvent to a broken mod state
[03abr.2025 12:07:28.925] [Render thread/INFO] [net.minecraft.client.renderer.texture.TextureAtlas/]: Created: 256x256x4 minecraft:textures/atlas/chest.png-atlas
[03abr.2025 12:07:28.926] [Render thread/ERROR] [net.neoforged.fml.ModLoader/]: Cowardly refusing to send event net.neoforged.neoforge.client.event.TextureAtlasStitchedEvent to a broken mod state
[03abr.2025 12:07:28.926] [Render thread/INFO] [net.minecraft.client.renderer.texture.TextureAtlas/]: Created: 512x256x4 minecraft:textures/atlas/shulker_boxes.png-atlas
[03abr.2025 12:07:28.926] [Render thread/ERROR] [net.neoforged.fml.ModLoader/]: Cowardly refusing to send event net.neoforged.neoforge.client.event.TextureAtlasStitchedEvent to a broken mod state
[03abr.2025 12:07:28.926] [Render thread/INFO] [net.minecraft.client.renderer.texture.TextureAtlas/]: Created: 512x256x4 minecraft:textures/atlas/beds.png-atlas
[03abr.2025 12:07:28.926] [Render thread/ERROR] [net.neoforged.fml.ModLoader/]: Cowardly refusing to send event net.neoforged.neoforge.client.event.TextureAtlasStitchedEvent to a broken mod state
[03abr.2025 12:07:28.926] [Render thread/ERROR] [net.neoforged.fml.ModLoader/]: Cowardly refusing to send event net.neoforged.neoforge.client.event.ModelEvent$BakingCompleted to a broken mod state
[03abr.2025 12:07:29.000] [Render thread/ERROR] [net.neoforged.fml.ModLoader/]: Cowardly refusing to send event net.neoforged.neoforge.client.event.EntityRenderersEvent$CreateSkullModels to a broken mod state
[03abr.2025 12:07:29.001] [Render thread/ERROR] [net.neoforged.fml.ModLoader/]: Cowardly refusing to send event net.neoforged.neoforge.client.event.EntityRenderersEvent$CreateSkullModels to a broken mod state
[03abr.2025 12:07:29.063] [Render thread/ERROR] [net.neoforged.fml.ModLoader/]: Cowardly refusing to send event net.neoforged.neoforge.client.event.EntityRenderersEvent$CreateSkullModels to a broken mod state
[03abr.2025 12:07:29.065] [Render thread/ERROR] [net.neoforged.fml.ModLoader/]: Cowardly refusing to send event net.neoforged.neoforge.client.event.EntityRenderersEvent$CreateSkullModels to a broken mod state
[03abr.2025 12:07:29.070] [Render thread/ERROR] [net.neoforged.fml.ModLoader/]: Cowardly refusing to send event net.neoforged.neoforge.client.event.EntityRenderersEvent$CreateSkullModels to a broken mod state
[03abr.2025 12:07:29.071] [Render thread/ERROR] [net.neoforged.fml.ModLoader/]: Cowardly refusing to send event net.neoforged.neoforge.client.event.EntityRenderersEvent$CreateSkullModels to a broken mod state
[03abr.2025 12:07:29.073] [Render thread/ERROR] [net.neoforged.fml.ModLoader/]: Cowardly refusing to send event net.neoforged.neoforge.client.event.EntityRenderersEvent$CreateSkullModels to a broken mod state
[03abr.2025 12:07:29.074] [Render thread/ERROR] [net.neoforged.fml.ModLoader/]: Cowardly refusing to send event net.neoforged.neoforge.client.event.EntityRenderersEvent$CreateSkullModels to a broken mod state
[03abr.2025 12:07:29.075] [Render thread/ERROR] [net.neoforged.fml.ModLoader/]: Cowardly refusing to send event net.neoforged.neoforge.client.event.EntityRenderersEvent$CreateSkullModels to a broken mod state
[03abr.2025 12:07:29.075] [Render thread/ERROR] [net.neoforged.fml.ModLoader/]: Cowardly refusing to send event net.neoforged.neoforge.client.event.EntityRenderersEvent$CreateSkullModels to a broken mod state
[03abr.2025 12:07:29.075] [Render thread/ERROR] [net.neoforged.fml.ModLoader/]: Cowardly refusing to send event net.neoforged.neoforge.client.event.EntityRenderersEvent$CreateSkullModels to a broken mod state
[03abr.2025 12:07:29.076] [Render thread/ERROR] [net.neoforged.fml.ModLoader/]: Cowardly refusing to send event net.neoforged.neoforge.client.event.EntityRenderersEvent$CreateSkullModels to a broken mod state
[03abr.2025 12:07:29.076] [Render thread/ERROR] [net.neoforged.fml.ModLoader/]: Cowardly refusing to send event net.neoforged.neoforge.client.event.EntityRenderersEvent$CreateSkullModels to a broken mod state
[03abr.2025 12:07:29.077] [Render thread/ERROR] [net.neoforged.fml.ModLoader/]: Cowardly refusing to send event net.neoforged.neoforge.client.event.EntityRenderersEvent$CreateSkullModels to a broken mod state
[03abr.2025 12:07:29.078] [Render thread/ERROR] [net.neoforged.fml.ModLoader/]: Cowardly refusing to send event net.neoforged.neoforge.client.event.EntityRenderersEvent$CreateSkullModels to a broken mod state
[03abr.2025 12:07:29.079] [Render thread/ERROR] [net.neoforged.fml.ModLoader/]: Cowardly refusing to send event net.neoforged.neoforge.client.event.EntityRenderersEvent$CreateSkullModels to a broken mod state
[03abr.2025 12:07:29.079] [Render thread/ERROR] [net.neoforged.fml.ModLoader/]: Cowardly refusing to send event net.neoforged.neoforge.client.event.EntityRenderersEvent$CreateSkullModels to a broken mod state
[03abr.2025 12:07:29.079] [Render thread/ERROR] [net.neoforged.fml.ModLoader/]: Cowardly refusing to send event net.neoforged.neoforge.client.event.EntityRenderersEvent$CreateSkullModels to a broken mod state
[03abr.2025 12:07:29.079] [Render thread/ERROR] [net.neoforged.fml.ModLoader/]: Cowardly refusing to send event net.neoforged.neoforge.client.event.EntityRenderersEvent$CreateSkullModels to a broken mod state
[03abr.2025 12:07:29.082] [Render thread/ERROR] [net.neoforged.fml.ModLoader/]: Cowardly refusing to send event net.neoforged.neoforge.client.event.EntityRenderersEvent$CreateSkullModels to a broken mod state
[03abr.2025 12:07:29.085] [Render thread/ERROR] [net.neoforged.fml.ModLoader/]: Cowardly refusing to send event net.neoforged.neoforge.client.event.EntityRenderersEvent$CreateSkullModels to a broken mod state
[03abr.2025 12:07:29.086] [Render thread/ERROR] [net.neoforged.fml.ModLoader/]: Cowardly refusing to send event net.neoforged.neoforge.client.event.EntityRenderersEvent$CreateSkullModels to a broken mod state
[03abr.2025 12:07:29.086] [Render thread/ERROR] [net.neoforged.fml.ModLoader/]: Cowardly refusing to send event net.neoforged.neoforge.client.event.EntityRenderersEvent$AddLayers to a broken mod state
[03abr.2025 12:07:29.086] [Render thread/INFO] [net.minecraft.client.renderer.texture.TextureAtlas/]: Created: 512x256x0 minecraft:textures/atlas/particles.png-atlas
[03abr.2025 12:07:29.087] [Render thread/ERROR] [net.neoforged.fml.ModLoader/]: Cowardly refusing to send event net.neoforged.neoforge.client.event.TextureAtlasStitchedEvent to a broken mod state
[03abr.2025 12:07:29.087] [Render thread/INFO] [net.minecraft.client.renderer.texture.TextureAtlas/]: Created: 512x256x0 minecraft:textures/atlas/paintings.png-atlas
[03abr.2025 12:07:29.088] [Render thread/ERROR] [net.neoforged.fml.ModLoader/]: Cowardly refusing to send event net.neoforged.neoforge.client.event.TextureAtlasStitchedEvent to a broken mod state
[03abr.2025 12:07:29.088] [Render thread/INFO] [net.minecraft.client.renderer.texture.TextureAtlas/]: Created: 256x128x0 minecraft:textures/atlas/mob_effects.png-atlas
[03abr.2025 12:07:29.088] [Render thread/ERROR] [net.neoforged.fml.ModLoader/]: Cowardly refusing to send event net.neoforged.neoforge.client.event.TextureAtlasStitchedEvent to a broken mod state
[03abr.2025 12:07:29.088] [Render thread/INFO] [net.minecraft.client.renderer.texture.TextureAtlas/]: Created: 64x64x0 minecraft:textures/atlas/map_decorations.png-atlas
[03abr.2025 12:07:29.088] [Render thread/ERROR] [net.neoforged.fml.ModLoader/]: Cowardly refusing to send event net.neoforged.neoforge.client.event.TextureAtlasStitchedEvent to a broken mod state
[03abr.2025 12:07:29.088] [Render thread/INFO] [net.minecraft.client.renderer.texture.TextureAtlas/]: Created: 1024x512x0 minecraft:textures/atlas/gui.png-atlas
[03abr.2025 12:07:29.090] [Render thread/ERROR] [net.neoforged.fml.ModLoader/]: Cowardly refusing to send event net.neoforged.neoforge.client.event.TextureAtlasStitchedEvent to a broken mod state
[03abr.2025 12:07:29.204] [Render thread/WARN] [net.minecraft.client.renderer.ShaderInstance/]: Shader rendertype_entity_translucent_emissive could not find sampler named Sampler2 in the specified shader program.
[03abr.2025 12:07:29.385] [Render thread/ERROR] [net.neoforged.fml.ModLoader/]: Cowardly refusing to send event net.neoforged.neoforge.client.event.RegisterShadersEvent to a broken mod state
[03abr.2025 12:07:29.457] [Render thread/DEBUG] [oshi.util.FileUtil/]: No oshi.architecture.properties file found from ClassLoader cpw.mods.modlauncher.TransformingClassLoader@37c2eacb
[03abr.2025 12:07:29.492] [Render thread/ERROR] [net.minecraft.CrashReport/]: Negative index in crash report handler (0/28)
[03abr.2025 12:07:29.499] [Render thread/FATAL] [net.neoforged.neoforge.client.loading.ClientModLoader/]: Crash report saved to .\crash-reports\crash-2025-04-03_12.07.29-fml.txt
[03abr.2025 12:07:41.495] [Render thread/INFO] [net.minecraft.client.Minecraft/]: Stopping!
